"House Name","House Letter","Sample Number","Sample Date","Sample Time","Copper Result","Iron Result","Lead Result"
8,"x","DS03x","2016-02-07","12:32",1.42,80,0.5
8,"x","S01x","2016-02-07","12:21",162,80,1.61
8,"x","S02x","2016-02-07","12:21",13.3,80,3.48
8,"x","S03x","2016-02-07","12:21",28.9,316,23.2
8,"x","S04x","2016-02-07","12:21",23,375,25.8
8,"x","S05x","2016-02-07","12:21",16.4,191,13.2
8,"x","S06x","2016-02-07","12:21",11.5,128,8.7
8,"x","S07x","2016-02-07","12:21",7.09,96.1,6.62
8,"x","S08x","2016-02-07","12:21",6.35,82.5,5.39
8,"x","S09x","2016-02-07","12:21",5.53,80,4.54
8,"x","S10x","2016-02-07","12:21",4.59,80,4.49
8,"x","S11x","2016-02-07","12:21",4.01,91,4.53
8,"x","S12x","2016-02-07","12:21",3.98,80,2.85
8,"x","S13x","2016-02-07","12:21",3.54,80,2.59
8,"x","S14x","2016-02-07","12:21",3.53,80,2.56
15,"av","DS03av","2016-02-10","11:14",1.3,80,0.729
15,"av","S01av","2016-02-10","11:02",23.1,80,2.21
15,"av","S02av","2016-02-10","11:02",8.14,80,2.31
15,"av","S03av","2016-02-10","11:02",4.5,80,1.03
15,"av","S04av","2016-02-10","11:02",15.1,80,1.36
15,"av","S05av","2016-02-10","11:02",3.11,80,1.15
15,"av","S06av","2016-02-10","11:02",2.68,80,1.14
15,"av","S07av","2016-02-10","11:02",15.2,80,2.29
15,"av","S08av","2016-02-10","11:02",4.47,80,4.44
15,"av","S09av","2016-02-10","11:02",2.25,80,3.18
15,"av","S10av","2016-02-10","11:02",1.87,80,1.37
15,"av","S11av","2016-02-10","11:02",1.78,80,0.88
15,"av","S12av","2016-02-10","11:02",1.8,80,0.868
15,"av","S13av","2016-02-10","11:02",1.62,80,0.811
15,"av","S14av","2016-02-10","11:02",1.56,80,0.82
17,"ck","DS03ck","2016-02-19","08:19",5.37,80,0.5
17,"ck","S01ck","2016-02-19","08:12",146,179,2.11
17,"ck","S02ck","2016-02-19","08:12",107,80,1.08
17,"ck","S03ck","2016-02-19","08:12",218,541,25.1
17,"ck","S04ck","2016-02-19","08:12",183,552,13.5
17,"ck","S05ck","2016-02-19","08:12",67.9,168,4.92
17,"ck","S06ck","2016-02-19","08:12",45.4,121,2.43
17,"ck","S07ck","2016-02-19","08:12",29.8,94.5,1.74
17,"ck","S08ck","2016-02-19","08:12",24.4,81,1.29
17,"ck","S09ck","2016-02-19","08:12",23,80,1.65
17,"ck","S10ck","2016-02-19","08:12",19.7,80,0.938
17,"ck","S11ck","2016-02-19","08:12",17.7,80,0.872
17,"ck","S12ck","2016-02-19","08:12",14.4,80,0.742
17,"ck","S13ck","2016-02-19","08:12",13.4,80,0.669
17,"ck","S14ck","2016-02-19","08:12",13.2,80,0.646
25,"s","DS03s","2016-02-04","09:05",2.11,80,0.5
25,"s","S01s","2016-02-04","09:05",68.7,80,1.64
25,"s","S02s","2016-02-04","09:05",65.2,80,2
25,"s","S03s","2016-02-04","09:05",75.9,278,35.8
25,"s","S04s","2016-02-04","09:05",34.8,149,13.1
25,"s","S05s","2016-02-04","09:05",20.6,82.8,6.95
25,"s","S06s","2016-02-04","09:05",16.4,80,4.31
25,"s","S07s","2016-02-04","09:05",14.1,80,3.21
25,"s","S08s","2016-02-04","09:05",11.7,80,2.21
25,"s","S09s","2016-02-04","09:05",9.63,80,1.71
25,"s","S10s","2016-02-04","09:05",8.32,80,1.61
25,"s","S11s","2016-02-04","09:05",8.63,80,2.53
25,"s","S12s","2016-02-04","09:05",6.79,80,1.35
25,"s","S13s","2016-02-04","09:05",5.73,80,0.886
25,"s","S14s","2016-02-04","09:05",6.2,80,0.811
27,"bj","DS03bj","2016-02-16","07:28",2.2,156,1.4
27,"bj","S01bj","2016-02-16","07:15",43.1,212,11.5
27,"bj","S02bj","2016-02-16","07:15",10.9,95,6.8
27,"bj","S03bj","2016-02-16","07:15",10.9,59,5.4
27,"bj","S04bj","2016-02-16","07:15",8.7,57,4.5
27,"bj","S05bj","2016-02-16","07:15",9.1,68,4.5
27,"bj","S06bj","2016-02-16","07:15",7.3,68,4.2
27,"bj","S07bj","2016-02-16","07:15",8.7,62,4.5
27,"bj","S08bj","2016-02-16","07:15",5.9,72,5.2
27,"bj","S09bj","2016-02-16","07:15",4.3,67,7.1
27,"bj","S10bj","2016-02-16","07:15",3.4,66,8.6
27,"bj","S11bj","2016-02-16","07:15",3,69,9.8
27,"bj","S12bj","2016-02-16","07:15",3.8,77,10.1
27,"bj","S13bj","2016-02-16","07:15",3.4,81,9.7
27,"bj","S14bj","2016-02-16","07:15",2.3,83,8
32,"ci","DS03ci","2016-02-18","16:55",2.88,80,0.5
32,"ci","S01ci","2016-02-18","16:50",75.9,80,3.22
32,"ci","S02ci","2016-02-18","16:50",51.9,80,7.94
32,"ci","S03ci","2016-02-18","16:50",111,504,212
32,"ci","S04ci","2016-02-18","16:50",157,727,206
32,"ci","S05ci","2016-02-18","16:50",130,594,119
32,"ci","S06ci","2016-02-18","16:50",126,476,112
32,"ci","S07ci","2016-02-18","16:50",91.6,344,81.7
32,"ci","S08ci","2016-02-18","16:50",63.2,240,55.8
32,"ci","S09ci","2016-02-18","16:50",49.8,188,54.4
32,"ci","S10ci","2016-02-18","16:50",37.4,143,34.4
32,"ci","S11ci","2016-02-18","16:50",30.3,140,29.8
32,"ci","S12ci","2016-02-18","16:50",28.2,113,27.4
32,"ci","S13ci","2016-02-18","16:50",23.8,99.5,23.1
32,"ci","S14ci","2016-02-18","16:50",22.8,89,20.4
37,"ad","DS03ad","2016-02-08","13:15",7.9,100,0.5
37,"ad","S01ad","2016-02-08","13:07",97,100,0.5
37,"ad","S02ad","2016-02-08","13:07",200,100,2.8
37,"ad","S03ad","2016-02-08","13:07",240,100,3.9
37,"ad","S04ad","2016-02-08","13:07",120,100,3
37,"ad","S05ad","2016-02-08","13:07",79,100,2.1
37,"ad","S06ad","2016-02-08","13:07",61,100,1.5
37,"ad","S07ad","2016-02-08","13:07",54,100,1.3
37,"ad","S08ad","2016-02-08","13:07",38,100,1.2
37,"ad","S09ad","2016-02-08","13:07",34,100,0.88
37,"ad","S10ad","2016-02-08","13:07",31,100,0.82
37,"ad","S11ad","2016-02-08","13:07",31,100,0.64
37,"ad","S12ad","2016-02-08","13:07",22,100,0.62
37,"ad","S13ad","2016-02-08","13:07",17,100,0.5
37,"ad","S14ad","2016-02-08","13:07",16,100,0.54
38,"bg","DS03bg","2016-02-12","15:41",7,80.7,0.5
38,"bg","S01bg","2016-02-12","15:32",127,80,10.7
38,"bg","S02bg","2016-02-12","15:32",167,80,11.6
38,"bg","S03bg","2016-02-12","15:32",395,457,173
38,"bg","S04bg","2016-02-12","15:32",297,328,136
38,"bg","S05bg","2016-02-12","15:32",188,174,48.9
38,"bg","S06bg","2016-02-12","15:32",212,124,37.8
38,"bg","S07bg","2016-02-12","15:32",114,102,27.5
38,"bg","S08bg","2016-02-12","15:32",75.4,80,15
38,"bg","S09bg","2016-02-12","15:32",41.1,80,1.32
38,"bg","S10bg","2016-02-12","15:32",35.6,80,0.606
38,"bg","S11bg","2016-02-12","15:32",39.8,80,0.578
38,"bg","S12bg","2016-02-12","15:32",47.4,80,0.704
38,"bg","S13bg","2016-02-12","15:32",34.3,80,0.526
38,"bg","S14bg","2016-02-12","15:32",33.7,80,0.5
41,"aw","DS03aw","2016-02-11","07:20",10.3,248,0.725
41,"aw","S01aw","2016-02-11","07:08",74.6,127,2.62
41,"aw","S02aw","2016-02-11","07:08",144,131,5.44
41,"aw","S03aw","2016-02-11","07:08",109,279,12.9
41,"aw","S04aw","2016-02-11","07:08",75.1,209,6.52
41,"aw","S05aw","2016-02-11","07:08",61.7,178,3.89
41,"aw","S06aw","2016-02-11","07:08",47.3,159,2.2
41,"aw","S07aw","2016-02-11","07:08",45.4,158,1.87
41,"aw","S08aw","2016-02-11","07:08",41.4,164,1.58
41,"aw","S09aw","2016-02-11","07:08",27.5,209,1.4
41,"aw","S10aw","2016-02-11","07:08",19.1,232,1.49
41,"aw","S11aw","2016-02-11","07:08",16.9,242,1.37
41,"aw","S12aw","2016-02-11","07:08",16.9,235,1.36
41,"aw","S13aw","2016-02-11","07:08",14.9,226,1.13
41,"aw","S14aw","2016-02-11","07:08",14.6,229,1.1
44,"ac","DS03ac","2016-02-08","11:39",18,100,3.8
44,"ac","S01ac","2016-02-08","11:30",140,100,2.7
44,"ac","S02ac","2016-02-08","11:30",110,100,3.4
44,"ac","S03ac","2016-02-08","11:30",190,100,6.2
44,"ac","S04ac","2016-02-08","11:30",110,100,0.5
44,"ac","S05ac","2016-02-08","11:30",41,100,0.5
44,"ac","S06ac","2016-02-08","11:30",42,100,0.5
44,"ac","S07ac","2016-02-08","11:30",41,100,0.5
44,"ac","S08ac","2016-02-08","11:30",37,100,0.5
44,"ac","S09ac","2016-02-08","11:30",33,100,0.5
44,"ac","S10ac","2016-02-08","11:30",33,100,0.5
44,"ac","S11ac","2016-02-08","11:30",32,100,0.5
44,"ac","S12ac","2016-02-08","11:30",30,100,0.5
44,"ac","S13ac","2016-02-08","11:30",32,100,0.5
44,"ac","S14ac","2016-02-08","11:30",31,100,0.5
45,"y","DS03y","2016-02-07","08:17",5.62,147,0.5
45,"y","S01y","2016-02-07","08:09",34.1,80,0.5
45,"y","S02y","2016-02-07","08:09",13.5,80,0.5
45,"y","S03y","2016-02-07","08:09",32.4,80,0.5
45,"y","S04y","2016-02-07","08:09",35.8,80,0.5
45,"y","S05y","2016-02-07","08:09",34.9,80,0.5
45,"y","S06y","2016-02-07","08:09",29.8,80,0.5
45,"y","S07y","2016-02-07","08:09",26.7,80,0.5
45,"y","S08y","2016-02-07","08:09",23.6,80,0.5
45,"y","S09y","2016-02-07","08:09",23.2,84.4,0.5
45,"y","S10y","2016-02-07","08:09",20.8,90.9,0.5
45,"y","S11y","2016-02-07","08:09",20.7,265,0.5
45,"y","S12y","2016-02-07","08:09",15.7,366,0.5
45,"y","S13y","2016-02-07","08:09",7.47,168,0.5
45,"y","S14y","2016-02-07","08:09",6.7,159,0.5
49,"bs","DS03bs","2016-02-16","10:23",3.1,50,2.1
49,"bs","S01bs","2016-02-16","10:07",72.4,50,1.1
49,"bs","S02bs","2016-02-16","10:07",64.1,111,2.9
49,"bs","S03bs","2016-02-16","10:07",23.6,105,13
49,"bs","S04bs","2016-02-16","10:07",35,58,2.7
49,"bs","S05bs","2016-02-16","10:07",177,722,133
49,"bs","S06bs","2016-02-16","10:07",122,679,133
49,"bs","S07bs","2016-02-16","10:07",24,294,47.5
49,"bs","S08bs","2016-02-16","10:07",11.1,136,29.9
49,"bs","S09bs","2016-02-16","10:07",7.8,128,15.7
49,"bs","S10bs","2016-02-16","10:07",7.2,115,16
49,"bs","S11bs","2016-02-16","10:07",7.2,222,172
49,"bs","S12bs","2016-02-16","10:07",10.4,691,693
49,"bs","S13bs","2016-02-16","10:07",7.3,357,327
49,"bs","S14bs","2016-02-16","10:07",6.5,207,190
54,"ai","DS01ai","2016-02-09","14:55",3.5,1100,0.72
54,"ai","S01ai","2016-02-09","14:49",72,200,8.3
54,"ai","S02ai","2016-02-09","14:49",48,260,6.5
54,"ai","S03ai","2016-02-09","14:49",19,180,5.1
54,"ai","S04ai","2016-02-09","14:49",25,190,5.6
54,"ai","S05ai","2016-02-09","14:49",27,150,4.6
54,"ai","S06ai","2016-02-09","14:49",27,150,4.3
54,"ai","S07ai","2016-02-09","14:49",26,180,4.7
54,"ai","S08ai","2016-02-09","14:49",25,220,5.1
54,"ai","S09ai","2016-02-09","14:49",23,640,15
54,"ai","S10ai","2016-02-09","14:49",20,3600,56
54,"ai","S11ai","2016-02-09","14:49",18,9100,79
54,"ai","S12ai","2016-02-09","14:49",14,6000,37
54,"ai","S13ai","2016-02-09","14:49",11,1400,4.8
54,"ai","S14ai","2016-02-09","14:49",10,990,1.5
61,"bf","DS03bf","2016-02-13","09:15",3.1,80,1.69
61,"bf","S010bf","2016-02-13","09:07",5.25,80,6.44
61,"bf","S011bf","2016-02-13","09:07",5.05,106,6.89
61,"bf","S012bf","2016-02-13","09:07",4.63,102,5.36
61,"bf","S013bf","2016-02-13","09:07",4.34,80,2.37
61,"bf","S014bf","2016-02-13","09:07",4.34,80,2.15
61,"bf","S01bf","2016-02-13","09:07",114,80,4.24
61,"bf","S02bf","2016-02-13","09:07",210,80,7.1
61,"bf","S03bf","2016-02-13","09:07",70.2,80,6.74
61,"bf","S04bf","2016-02-13","09:07",22.4,80,4.7
61,"bf","S05bf","2016-02-13","09:07",14.9,80,5.3
61,"bf","S06bf","2016-02-13","09:07",9.49,80,3.28
61,"bf","S07bf","2016-02-13","09:07",7.51,80,3.58
61,"bf","S08bf","2016-02-13","09:07",6.25,80,4.15
61,"bf","S09bf","2016-02-13","09:07",5.8,80,4.78
62,"ah","DS03ah","2016-02-09","10:24",7.7,570,1.6
62,"ah","S01ah","2016-02-09","10:15",240,140,72
62,"ah","S02ah","2016-02-09","10:15",220,100,8
62,"ah","S03ah","2016-02-09","10:15",200,180,16
62,"ah","S04ah","2016-02-09","10:15",140,150,8
62,"ah","S05ah","2016-02-09","10:15",72,110,5.2
62,"ah","S06ah","2016-02-09","10:15",63,100,5.3
62,"ah","S07ah","2016-02-09","10:15",49,100,4.9
62,"ah","S08ah","2016-02-09","10:15",23,100,4.4
62,"ah","S09ah","2016-02-09","10:15",15,100,3.8
62,"ah","S10ah","2016-02-09","10:15",15,100,5.2
62,"ah","S11ah","2016-02-09","10:15",15,100,11
62,"ah","S12ah","2016-02-09","10:15",11,100,14
62,"ah","S13ah","2016-02-09","10:15",10,100,15
62,"ah","S14ah","2016-02-09","10:15",10,220,10
63,"cc","DS03cc","2016-02-18","07:18",2,80,1
63,"cc","S01cc","2016-02-18","07:13",162,80,5.61
63,"cc","S02cc","2016-02-18","07:13",104,92,14
63,"cc","S03cc","2016-02-18","07:13",34,304,20.6
63,"cc","S04cc","2016-02-18","07:13",31.2,320,25.1
63,"cc","S05cc","2016-02-18","07:13",19,194,17
63,"cc","S06cc","2016-02-18","07:13",17,168,14.9
63,"cc","S07cc","2016-02-18","07:13",14.8,180,14.4
63,"cc","S08cc","2016-02-18","07:13",13.1,164,13.3
63,"cc","S09cc","2016-02-18","07:13",12.3,148,14.2
63,"cc","S10cc","2016-02-18","07:13",12.7,137,12.9
63,"cc","S11cc","2016-02-18","07:13",13.2,124,14.1
63,"cc","S12cc","2016-02-18","07:13",14.9,125,13.9
63,"cc","S13cc","2016-02-18","07:13",16.3,190,13
63,"cc","S14cc","2016-02-18","07:13",13.2,156,9.84
74,"b","DS03b","2016-01-28","15:45",8.42,80,0.5
74,"b","S01b","2016-01-28","15:33",190,80,1.41
74,"b","S02b","2016-01-28","15:33",493,80,0.923
74,"b","S03b","2016-01-28","15:33",310,80,1.47
74,"b","S04b","2016-01-28","15:33",222,80,1.97
74,"b","S05b","2016-01-28","15:33",165,81.1,2.68
74,"b","S06b","2016-01-28","15:33",45,181,1.69
74,"b","S07b","2016-01-28","15:33",17.7,150,0.964
74,"b","S08b","2016-01-28","15:33",16.2,251,1.04
74,"b","S09b","2016-01-28","15:33",17.8,189,2.39
74,"b","S10b","2016-01-28","15:33",25.3,94.6,7.1
74,"b","S11b","2016-01-28","15:33",16,80,4.7
74,"b","S12b","2016-01-28","15:33",12.8,80,1.08
74,"b","S13b","2016-01-28","15:33",11.8,80,0.514
74,"b","S14b","2016-01-28","15:33",10.8,80,0.5
79,"u","DS03u","2016-02-05","15:20",8.83,80,4.62
79,"u","S01u","2016-02-05","15:10",123,80,28
79,"u","S02u","2016-02-05","15:10",106,80,10
79,"u","S03u","2016-02-05","15:10",103,157,56.2
79,"u","S04u","2016-02-05","15:10",116,133,44.7
79,"u","S05u","2016-02-05","15:10",149,143,48.4
79,"u","S06u","2016-02-05","15:10",171,195,79.4
79,"u","S07u","2016-02-05","15:10",127,124,75.1
79,"u","S08u","2016-02-05","15:10",58.4,87.3,38.4
79,"u","S09u","2016-02-05","15:10",40.7,80,29.6
79,"u","S10u","2016-02-05","15:10",33.1,80,25.9
79,"u","S11u","2016-02-05","15:10",25.9,80,25
79,"u","S12u","2016-02-05","15:10",21.1,80,22.3
79,"u","S13u","2016-02-05","15:10",19.2,80,21.3
79,"u","S14u","2016-02-05","15:10",17.5,80,21
80,"f","DS03f","2016-01-30","10:34",106,80,3
80,"f","S01f","2016-01-30","10:12",134,111,12.4
80,"f","S02f","2016-01-30","10:12",119,80,7.85
80,"f","S03f","2016-01-30","10:12",87.2,385,17.3
80,"f","S04f","2016-01-30","10:12",58.1,152,12.6
80,"f","S05f","2016-01-30","10:12",44,111,10.4
80,"f","S06f","2016-01-30","10:12",39.6,81.8,8.89
80,"f","S07f","2016-01-30","10:12",57.9,80,8.41
80,"f","S08f","2016-01-30","10:12",36.2,80,8.25
80,"f","S09f","2016-01-30","10:12",42.9,80,8.1
80,"f","S10f","2016-01-30","10:12",47.4,80,8.12
80,"f","S11f","2016-01-30","10:12",39.8,80,7.87
80,"f","S12f","2016-01-30","10:12",43.5,80,8.09
80,"f","S13f","2016-01-30","10:12",50.2,80,9.36
80,"f","S14f","2016-01-30","10:21",52.1,80,9.62
81,"d","S01d","2016-01-28","18:35",47.2,80,1.19
81,"d","S02d","2016-01-28","18:35",56.4,80,11
81,"d","S03d","2016-01-28","18:35",39.7,80,5.77
81,"d","S04d","2016-01-28","18:35",26.9,80,4.78
81,"d","S05d","2016-01-28","18:35",16,80,4
81,"d","S06d","2016-01-28","18:35",12.8,80,2.45
81,"d","S07d","2016-01-28","18:35",11.6,80,1.81
81,"d","S08d","2016-01-28","18:35",10.1,80,1.71
81,"d","S09d","2016-01-28","18:35",10.5,80,1.74
81,"d","S10d","2016-01-28","18:35",12.8,149,1.54
81,"d","S11d","2016-01-28","18:35",22.3,571,1.76
81,"d","S12d","2016-01-28","18:35",32.6,1110,1.72
81,"d","S13d","2016-01-28","18:35",17.5,645,2.39
81,"d","S14d","2016-01-28","18:39",12.2,185,1.4
81,"d","DS03d","2016-01-28","18:45",6.01,80,0.692
83,"v","DS03v","2016-02-05","13:23",8.45,112,1.44
83,"v","S01v","2016-02-05","13:13",137,150,1.23
83,"v","S02v","2016-02-05","13:13",205,106,2.23
83,"v","S03v","2016-02-05","13:13",208,161,1.77
83,"v","S04v","2016-02-05","13:13",179,223,0.715
83,"v","S05v","2016-02-05","13:13",63.3,252,0.647
83,"v","S06v","2016-02-05","13:13",111,201,9.07
83,"v","S07v","2016-02-05","13:13",152,261,13.4
83,"v","S08v","2016-02-05","13:13",59.2,180,6.07
83,"v","S09v","2016-02-05","13:13",21.2,125,3.24
83,"v","S10v","2016-02-05","13:13",18.9,117,3.39
83,"v","S11v","2016-02-05","13:13",22,121,2.86
83,"v","S12v","2016-02-05","13:13",16.4,116,3.19
83,"v","S13v","2016-02-05","13:13",14.2,125,2.21
83,"v","S14v","2016-02-05","13:13",13.1,128,2.18
84,"bb","DS03bb","2016-02-12","09:35",5.98,258,0.5
84,"bb","S01bb","2016-02-12","09:23",221,183,2.04
84,"bb","S02bb","2016-02-12","09:23",308,149,1.97
84,"bb","S03bb","2016-02-12","09:23",1120,3380,110
84,"bb","S04bb","2016-02-12","09:23",961,3260,77.4
84,"bb","S05bb","2016-02-12","09:23",415,1400,29.6
84,"bb","S06bb","2016-02-12","09:23",246,839,16.4
84,"bb","S07bb","2016-02-12","09:23",163,627,15.7
84,"bb","S08bb","2016-02-12","09:23",139,517,9.12
84,"bb","S09bb","2016-02-12","09:23",181,499,8.54
84,"bb","S10bb","2016-02-12","09:23",117,392,6.81
84,"bb","S11bb","2016-02-12","09:23",83.5,345,5.4
84,"bb","S12bb","2016-02-12","09:23",73.4,450,5.71
84,"bb","S13bb","2016-02-12","09:23",69.1,428,7.2
84,"bb","S14bb","2016-02-12","09:23",69.7,426,4.56
86,"h","DS03h","2016-02-01","09:42",8.02,214,0.5
86,"h","S01h","2016-02-01","09:23",88.6,80,0.725
86,"h","S02h","2016-02-01","09:23",82.4,80,2.77
86,"h","S03h","2016-02-01","09:23",91.2,89.5,2.97
86,"h","S04h","2016-02-01","09:23",62.1,80.7,1.63
86,"h","S05h","2016-02-01","09:23",35.8,80,1.3
86,"h","S06h","2016-02-01","09:23",26.8,80,0.907
86,"h","S07h","2016-02-01","09:23",24.1,80,0.76
86,"h","S08h","2016-02-01","09:23",23.2,80,0.713
86,"h","S09h","2016-02-01","09:23",22.9,80,0.717
86,"h","S10h","2016-02-01","09:23",18.3,80,0.601
86,"h","S11h","2016-02-01","09:23",16,80,0.563
86,"h","S12h","2016-02-01","09:23",12.4,159,0.558
86,"h","S13h","2016-02-01","09:23",10.3,194,0.535
86,"h","S14h","2016-02-01","09:23",10.4,181,0.641
88,"ct","DS03ct","2016-02-20","07:20",1,80,0.581
88,"ct","S01ct","2016-02-20","07:14",40.1,80,2.09
88,"ct","S02ct","2016-02-20","07:14",3.62,119,2.21
88,"ct","S03ct","2016-02-20","07:14",10.6,146,9.95
88,"ct","S04ct","2016-02-20","07:14",6.86,268,20.3
88,"ct","S05ct","2016-02-20","07:14",4.82,140,12.2
88,"ct","S06ct","2016-02-20","07:14",2.32,86.7,5.87
88,"ct","S07ct","2016-02-20","07:14",4.2,91,7.2
88,"ct","S08ct","2016-02-20","07:14",1.72,80,3.77
88,"ct","S09ct","2016-02-20","07:14",2.06,80,3.13
88,"ct","S10ct","2016-02-20","07:14",1.45,97.3,2.86
88,"ct","S11ct","2016-02-20","07:14",1.78,80,2.5
88,"ct","S12ct","2016-02-20","07:14",1.25,80,1.88
88,"ct","S13ct","2016-02-20","07:14",1.14,80,1.88
88,"ct","S14ct","2016-02-20","07:14",1.64,80,2.24
90,"bk","S01bk","2016-02-16","08:12",66.5,83,1.2
90,"bk","S02bk","2016-02-16","08:12",50.1,50,0.37
90,"bk","S03bk","2016-02-16","08:12",28.2,50,0.55
90,"bk","S04bk","2016-02-16","08:12",13.5,50,0.35
90,"bk","S05bk","2016-02-16","08:12",10.1,50,0.35
90,"bk","S06bk","2016-02-16","08:12",7.8,50,0.35
90,"bk","S07bk","2016-02-16","08:12",7.6,50,0.35
90,"bk","S08bk","2016-02-16","08:12",7.1,50,0.35
90,"bk","S09bk","2016-02-16","08:12",6,50,0.35
90,"bk","S10bk","2016-02-16","08:12",4.6,50,0.35
90,"bk","S11bk","2016-02-16","08:12",4.3,50,0.35
90,"bk","S12bk","2016-02-16","08:12",5.6,50,0.35
90,"bk","S13bk","2016-02-16","08:12",4.1,50,0.35
90,"bk","S14bk","2016-02-16","08:12",4.3,50,0.35
90,"bk","DS02bk","2016-02-16","08:19",3.5,50,0.35
91,"by","DS03by","2016-02-17","15:59",1.97,80,0.5
91,"by","S01by","2016-02-17","15:50",70.3,80,6.05
91,"by","S02by","2016-02-17","15:50",71.8,80,45.6
91,"by","S03by","2016-02-17","15:50",24.9,80,5.65
91,"by","S04by","2016-02-17","15:50",13.8,80,1.18
91,"by","S05by","2016-02-17","15:50",11.4,80,0.898
91,"by","S06by","2016-02-17","15:50",9.56,80,0.747
91,"by","S07by","2016-02-17","15:50",9.99,80,0.763
91,"by","S09by","2016-02-17","15:50",7.57,80,0.572
91,"by","S08by","2016-02-17","15:50",8.88,80,0.644
91,"by","S10by","2016-02-17","15:50",6.35,80,0.532
91,"by","S11by","2016-02-17","15:50",5.01,80,0.517
91,"by","S12by","2016-02-17","15:50",3.35,80,0.578
91,"by","S13by","2016-02-17","15:50",2.95,80,0.5
91,"by","S14by","2016-02-17","15:50",2.88,80,0.5
95,"aj","DS03aj","2016-02-10","09:16",16.4,224,1.02
95,"aj","S01aj","2016-02-10","09:09",155,140,5.21
95,"aj","S02aj","2016-02-10","09:09",176,165,21.5
95,"aj","S03aj","2016-02-10","09:09",181,524,60.9
95,"aj","S04aj","2016-02-10","09:09",78.6,304,14.8
95,"aj","S05aj","2016-02-10","09:09",76.7,288,15.7
95,"aj","S06aj","2016-02-10","09:09",72.2,283,15.7
95,"aj","S07aj","2016-02-10","09:09",63.1,275,11.1
95,"aj","S08aj","2016-02-10","09:09",57.6,262,9.81
95,"aj","S09aj","2016-02-10","09:09",48.4,250,8.1
95,"aj","S10aj","2016-02-10","09:09",46.1,247,6.19
95,"aj","S11aj","2016-02-10","09:09",48,259,7.62
95,"aj","S12aj","2016-02-10","09:09",46,254,6.54
95,"aj","S13aj","2016-02-10","09:09",43.2,251,4.22
95,"aj","S14aj","2016-02-10","09:09",29.3,255,3.69
97,"p","DS03p","2016-02-03","09:23",11.1,80,0.558
97,"p","S01p","2016-02-03","09:15",99,80,1.2
97,"p","S02p","2016-02-03","09:15",48.9,80,1.23
97,"p","S03p","2016-02-03","09:15",41.7,80,1.83
97,"p","S04p","2016-02-03","09:15",41.1,80,2.17
97,"p","S05p","2016-02-03","09:15",15,80,1.48
97,"p","S06p","2016-02-03","09:15",6.73,80,1.49
97,"p","S07p","2016-02-03","09:15",5.94,80,1.49
97,"p","S08p","2016-02-03","09:15",5.66,80,1.61
97,"p","S09p","2016-02-03","09:15",5.45,80,4.24
97,"p","S10p","2016-02-03","09:15",5.08,80,6.5
97,"p","S11p","2016-02-03","09:15",4.94,80,3.63
97,"p","S12p","2016-02-03","09:15",4.27,80,1.14
97,"p","S13p","2016-02-03","09:15",4.19,80,0.691
97,"p","S14p","2016-02-03","09:18",4.38,80,0.7
99,"bd","DS03bd","2016-02-12","10:51",12.2,94.9,0.5
99,"bd","S01bd","2016-02-12","10:41",82.9,110,1.05
99,"bd","S02bd","2016-02-12","10:41",60.1,115,0.604
99,"bd","S03bd","2016-02-12","10:41",59.9,105,0.582
99,"bd","S04bd","2016-02-12","10:41",101,96.2,0.5
99,"bd","S05bd","2016-02-12","10:41",97.4,97.2,0.5
99,"bd","S06bd","2016-02-12","10:41",64.5,98.9,0.5
99,"bd","S07bd","2016-02-12","10:41",50.6,94.5,0.5
99,"bd","S08bd","2016-02-12","10:41",34.4,95.8,0.5
99,"bd","S09bd","2016-02-12","10:41",36,93.8,0.5
99,"bd","S10bd","2016-02-12","10:41",33.9,130,0.5
99,"bd","S11bd","2016-02-12","10:41",23.1,97.7,0.5
99,"bd","S12bd","2016-02-12","10:41",16.4,93.2,0.5
99,"bd","S13bd","2016-02-12","10:41",15.3,86.6,0.5
99,"bd","S14bd","2016-02-12","10:41",13.6,95,0.5
105,"bc","DS03bc","2016-02-12","07:30",37.4,80,0.697
105,"bc","S01bc","2016-02-12","07:25",143,80,2.45
105,"bc","S02bc","2016-02-12","07:25",161,125,4.32
105,"bc","S03bc","2016-02-12","07:25",37,80,1.56
105,"bc","S04bc","2016-02-12","07:25",30.9,80,2.1
105,"bc","S05bc","2016-02-12","07:25",30.8,80,1.28
105,"bc","S06bc","2016-02-12","07:25",22.6,98.1,1.13
105,"bc","S07bc","2016-02-12","07:25",20.9,257,0.937
105,"bc","S08bc","2016-02-12","07:25",31.1,643,1.37
105,"bc","S09bc","2016-02-12","07:25",32.9,193,2.21
105,"bc","S10bc","2016-02-12","07:25",19.2,260,2.19
105,"bc","S11bc","2016-02-12","07:25",39.4,133,2.16
105,"bc","S12bc","2016-02-12","07:25",37.2,80,0.968
105,"bc","S13bc","2016-02-12","07:25",34.9,80,0.647
105,"bc","S14bc","2016-02-12","07:25",35.8,80,0.5
107,"ag","DS03ag","2016-02-09","07:15",40,240,5.1
107,"ag","S01ag","2016-02-09","07:05",460,100,12
107,"ag","S02ag","2016-02-09","07:05",560,100,11
107,"ag","S03ag","2016-02-09","07:05",520,100,20
107,"ag","S04ag","2016-02-09","07:05",420,100,19
107,"ag","S05ag","2016-02-09","07:05",370,100,16
107,"ag","S06ag","2016-02-09","07:05",340,100,22
107,"ag","S07ag","2016-02-09","07:05",390,150,45
107,"ag","S08ag","2016-02-09","07:05",320,100,22
107,"ag","S09ag","2016-02-09","07:05",290,100,19
107,"ag","S10ag","2016-02-09","07:05",270,100,17
107,"ag","S11ag","2016-02-09","07:05",310,150,41
107,"ag","S12ag","2016-02-09","07:05",310,210,59
107,"ag","S13ag","2016-02-09","07:05",280,220,67
107,"ag","S14ag","2016-02-09","07:05",260,180,61
109,"z","DS03z","2016-02-08","08:17",5.1,100,0.5
109,"z","S01z","2016-02-08","08:06",150,100,1.4
109,"z","S02z","2016-02-08","08:06",130,100,6.5
109,"z","S03z","2016-02-08","08:06",63,100,3.8
109,"z","S04z","2016-02-08","08:06",66,100,2.7
109,"z","S05z","2016-02-08","08:06",62,100,2.7
109,"z","S06z","2016-02-08","08:06",52,100,2.1
109,"z","S07z","2016-02-08","08:06",41,100,1.6
109,"z","S08z","2016-02-08","08:06",31,100,1.4
109,"z","S09z","2016-02-08","08:06",13,100,1.4
109,"z","S10z","2016-02-08","08:06",8.2,100,1.3
109,"z","S11z","2016-02-08","08:06",8.2,100,1.6
109,"z","S12z","2016-02-08","08:06",7.9,100,3.5
109,"z","S13z","2016-02-08","08:06",6.5,100,2.6
109,"z","S14z","2016-02-08","08:06",6.1,100,1
111,"cg","DS03cg","2016-02-18","14:22",20.1,80,0.5
111,"cg","S01cg","2016-02-18","14:17",272,80,0.5
111,"cg","S02cg","2016-02-18","14:17",334,80,0.5
111,"cg","S03cg","2016-02-18","14:17",401,229,0.84
111,"cg","S04cg","2016-02-18","14:17",372,134,0.5
111,"cg","S05cg","2016-02-18","14:17",166,114,0.5
111,"cg","S06cg","2016-02-18","14:17",158,111,0.5
111,"cg","S07cg","2016-02-18","14:17",147,101,0.5
111,"cg","S08cg","2016-02-18","14:17",109,81,0.5
111,"cg","S09cg","2016-02-18","14:17",76.4,80,0.5
111,"cg","S10cg","2016-02-18","14:17",64.6,80,0.5
111,"cg","S11cg","2016-02-18","14:17",60.4,80,0.5
111,"cg","S12cg","2016-02-18","14:17",52.8,80,0.5
111,"cg","S13cg","2016-02-18","14:17",52.8,80,0.5
111,"cg","S14cg","2016-02-18","14:17",46.6,80,0.5
113,"af","DS03af","2016-02-09","16:42",6.1,120,2.2
113,"af","S01af","2016-02-09","16:29",390,1400,5.4
113,"af","S02af","2016-02-09","16:29",45,180,0.61
113,"af","S03af","2016-02-09","16:29",910,5000,68
113,"af","S04af","2016-02-09","16:29",170,1300,41
113,"af","S05af","2016-02-09","16:29",73,580,8.7
113,"af","S06af","2016-02-09","16:29",51,630,4.7
113,"af","S07af","2016-02-09","16:29",37,870,3.4
113,"af","S08af","2016-02-09","16:29",31,670,2.6
113,"af","S09af","2016-02-09","16:29",27,650,2
113,"af","S10af","2016-02-09","16:29",22,250,1.5
113,"af","S11af","2016-02-09","16:29",22,210,3.5
113,"af","S12af","2016-02-09","16:29",17,180,2.4
113,"af","S13af","2016-02-09","16:29",16,180,1.1
113,"af","S14af","2016-02-09","16:29",14,170,1.3
114,"a","DS03a","2016-01-28","09:20",1.57,81,6.27
114,"a","S01a","2016-01-28","09:15",103,84.4,4.45
114,"a","S02a","2016-01-28","09:15",56,80,2.74
114,"a","S03a","2016-01-28","09:15",18.9,270,22.5
114,"a","S04a","2016-01-28","09:15",10.8,628,70.4
114,"a","S05a","2016-01-28","09:15",10.4,778,60.2
114,"a","S06a","2016-01-28","09:15",8.32,429,34.2
114,"a","S07a","2016-01-28","09:15",5.08,315,26.4
114,"a","S08a","2016-01-28","09:15",4.34,228,20.7
114,"a","S09a","2016-01-28","09:15",3.77,197,19.1
114,"a","S10a","2016-01-28","09:15",3.55,184,15.1
114,"a","S11a","2016-01-28","09:15",2.59,171,11.9
114,"a","S12a","2016-01-28","09:15",2.96,141,10.4
114,"a","S13a","2016-01-28","09:15",2.88,136,11.7
114,"a","S14a","2016-01-28","09:17",2.55,134,11.1
117,"ce","DS03ce","2016-02-18","08:25",3.68,80,0.5
117,"ce","S01ce","2016-02-18","08:16",24.6,80,0.5
117,"ce","S02ce","2016-02-18","08:16",12,80,0.5
117,"ce","S03ce","2016-02-18","08:16",4.69,80,0.5
117,"ce","S04ce","2016-02-18","08:16",4.04,80,0.5
117,"ce","S05ce","2016-02-18","08:16",4.33,80,0.5
117,"ce","S06ce","2016-02-18","08:16",4.81,80,0.5
117,"ce","S07ce","2016-02-18","08:16",4.8,80,0.5
117,"ce","S08ce","2016-02-18","08:16",4.48,80,0.5
117,"ce","S09ce","2016-02-18","08:16",4.28,80,0.5
117,"ce","S10ce","2016-02-18","08:16",4.11,80,0.5
117,"ce","S11ce","2016-02-18","08:16",3.78,80,0.5
117,"ce","S12ce","2016-02-18","08:16",3.57,80,0.5
117,"ce","S13ce","2016-02-18","08:16",3.26,80,0.5
117,"ce","S14ce","2016-02-18","08:16",3.19,80,0.5
118,"n","DS03n","2016-02-03","08:05",5.19,80,1.41
118,"n","S01n","2016-02-03","08:00",98.7,80,19.1
118,"n","S02n","2016-02-03","08:00",61.9,80,4.75
118,"n","S03n","2016-02-03","08:00",97,80,11.2
118,"n","S04n","2016-02-03","08:00",40.1,80,4.94
118,"n","S05n","2016-02-03","08:00",37.1,169,4.58
118,"n","S06n","2016-02-03","08:00",24.6,85.2,3.46
118,"n","S07n","2016-02-03","08:00",20.1,80,2.92
118,"n","S08n","2016-02-03","08:00",17.9,80,2.77
118,"n","S09n","2016-02-03","08:00",16.5,80,2.57
118,"n","S10n","2016-02-03","08:00",10.8,80,2.43
118,"n","S11n","2016-02-03","08:00",6.8,80,2.31
118,"n","S12n","2016-02-03","08:00",6.18,80,2.22
118,"n","S13n","2016-02-03","08:00",5.91,80,2.08
118,"n","S14n","2016-02-03","08:00",5.72,80,2.07
122,"t","DS03t","2016-02-05","09:52",5.05,80,0.5
122,"t","S01t","2016-02-05","09:52",23.5,88.1,0.513
122,"t","S02t","2016-02-05","09:52",10,80,0.5
122,"t","S03t","2016-02-05","09:52",69.3,1320,14.9
122,"t","S04t","2016-02-05","09:52",61.4,1030,14.6
122,"t","S05t","2016-02-05","09:52",48.8,490,6.11
122,"t","S06t","2016-02-05","09:52",52.8,327,4.81
122,"t","S07t","2016-02-05","09:52",46.4,250,4
122,"t","S08t","2016-02-05","09:52",55.5,209,3.28
122,"t","S09t","2016-02-05","09:52",58.8,165,2.73
122,"t","S10t","2016-02-05","09:52",60.2,146,3.38
122,"t","S11t","2016-02-05","09:52",40.7,116,1.54
122,"t","S12t","2016-02-05","09:52",21.4,104,1.45
122,"t","S13t","2016-02-05","09:52",18.5,90.8,1.3
122,"t","S14t","2016-02-05","09:52",14.2,83.6,1.22
124,"am","DS03am","2016-02-10","08:22",3.18,80,0.718
124,"am","S01am","2016-02-10","08:13",89.6,80,3.04
124,"am","S02am","2016-02-10","08:13",178,80,3.76
124,"am","S03am","2016-02-10","08:13",18.4,80,3.15
124,"am","S04am","2016-02-10","08:13",13,85.4,3.61
124,"am","S05am","2016-02-10","08:13",23.6,80,2.97
124,"am","S06am","2016-02-10","08:13",10.7,80,2.14
124,"am","S07am","2016-02-10","08:13",7.08,80,2.14
124,"am","S08am","2016-02-10","08:13",6.17,80,3.02
124,"am","S09am","2016-02-10","08:13",5.71,80,4.77
124,"am","S10am","2016-02-10","08:13",5.2,80,6.22
124,"am","S11am","2016-02-10","08:13",4.73,80,4.79
124,"am","S12am","2016-02-10","08:13",4.34,80,1.88
124,"am","S13am","2016-02-10","08:13",4.14,80,1.21
124,"am","S14am","2016-02-10","08:13",4.03,80,1.04
130,"bi","DS03bi","2016-02-15","10:18",3.31,167,1.23
130,"bi","S01bi","2016-02-15","10:10",31.3,171,9.28
130,"bi","S02bi","2016-02-15","10:10",8.26,140,5.78
130,"bi","S03bi","2016-02-15","10:10",6.67,187,9.92
130,"bi","S04bi","2016-02-15","10:10",8.27,158,8.76
130,"bi","S05bi","2016-02-15","10:10",50.7,192,11.1
130,"bi","S06bi","2016-02-15","10:10",41.7,207,13.2
130,"bi","S07bi","2016-02-15","10:10",42.8,175,16.9
130,"bi","S08bi","2016-02-15","10:10",27.8,162,20.4
130,"bi","S09bi","2016-02-15","10:10",22.3,155,19.7
130,"bi","S10bi","2016-02-15","10:10",17.9,145,19.6
130,"bi","S11bi","2016-02-15","10:10",14.4,152,19.7
130,"bi","S12bi","2016-02-15","10:10",13.2,144,16.4
130,"bi","S13bi","2016-02-15","10:10",11.9,155,13.3
130,"bi","S14bi","2016-02-15","10:10",9.7,159,9.92
131,"az","DS03az","2016-02-12","07:23",4.17,80,0.5
131,"az","S01az","2016-02-12","07:15",112,111,3.44
131,"az","S02az","2016-02-12","07:15",86.5,80,1.14
131,"az","S03az","2016-02-12","07:15",78.9,80,6.06
131,"az","S04az","2016-02-12","07:15",77.1,157,8.56
131,"az","S05az","2016-02-12","07:15",55.8,80,3.75
131,"az","S06az","2016-02-12","07:15",47.6,80,2.03
131,"az","S07az","2016-02-12","07:15",43.8,80,1.68
131,"az","S08az","2016-02-12","07:15",20,80,5.29
131,"az","S09az","2016-02-12","07:15",7.72,80,8.29
131,"az","S10az","2016-02-12","07:15",6.78,80,7.97
131,"az","S11az","2016-02-12","07:15",6.74,80,3.58
131,"az","S12az","2016-02-12","07:15",6.62,80,1.43
131,"az","S13az","2016-02-12","07:15",6.53,80,1.05
131,"az","S14az","2016-02-12","07:15",6.27,80,0.901
133,"as","DS03as","2016-02-10","07:22",3.4,80,0.5
133,"as","S01as","2016-02-10","07:11",58.6,80,1.76
133,"as","S02as","2016-02-10","07:11",126,80,1.55
133,"as","S03as","2016-02-10","07:11",116,281,107
133,"as","S04as","2016-02-10","07:11",40.1,495,16.3
133,"as","S05as","2016-02-10","07:11",40.5,449,16.5
133,"as","S06as","2016-02-10","07:11",66.2,414,21.8
133,"as","S07as","2016-02-10","07:11",59.9,291,14.3
133,"as","S08as","2016-02-10","07:11",28,125,3.02
133,"as","S09as","2016-02-10","07:11",12.4,87.5,6.97
133,"as","S10as","2016-02-10","07:11",6.48,85.2,12.3
133,"as","S11as","2016-02-10","07:11",5.53,110,11.8
133,"as","S12as","2016-02-10","07:11",5.71,96.3,5.85
133,"as","S13as","2016-02-10","07:11",4.84,80,1.31
133,"as","S14as","2016-02-10","07:11",4.63,80,0.738
140,"ae","DS03ae","2016-02-09","07:29",5.4,100,0.77
140,"ae","S01ae","2016-02-09","07:20",240,100,5.7
140,"ae","S02ae","2016-02-09","07:20",240,100,1.7
140,"ae","S03ae","2016-02-09","07:20",67,100,3.4
140,"ae","S04ae","2016-02-09","07:20",61,100,3.5
140,"ae","S05ae","2016-02-09","07:20",68,100,3.1
140,"ae","S06ae","2016-02-09","07:20",53,100,2.6
140,"ae","S07ae","2016-02-09","07:20",38,100,1.5
140,"ae","S08ae","2016-02-09","07:20",36,100,1.8
140,"ae","S09ae","2016-02-09","07:20",33,100,3
140,"ae","S10ae","2016-02-09","07:20",18,100,6
140,"ae","S11ae","2016-02-09","07:20",10,100,6.5
140,"ae","S12ae","2016-02-09","07:20",9.4,100,5.1
140,"ae","S13ae","2016-02-09","07:20",9,100,2.3
140,"ae","S14ae","2016-02-09","07:20",8.7,100,1.4
141,"w","DS03w","2016-02-05","08:32",17.6,139,2.45
141,"w","S01w","2016-02-05","08:25",106,80,2.02
141,"w","S02w","2016-02-05","08:25",48.8,80,4.88
141,"w","S03w","2016-02-05","08:25",298,5790,169
141,"w","S04w","2016-02-05","08:25",252,3960,109
141,"w","S05w","2016-02-05","08:25",175,2170,81.5
141,"w","S06w","2016-02-05","08:25",156,2040,66.9
141,"w","S07w","2016-02-05","08:25",133,1790,51.1
141,"w","S08w","2016-02-05","08:25",150,2380,57.1
141,"w","S09w","2016-02-05","08:25",120,1920,45.2
141,"w","S10w","2016-02-05","08:25",115,1690,39.1
141,"w","S11w","2016-02-05","08:25",95.1,1420,31.1
141,"w","S12w","2016-02-05","08:25",85.9,1220,28.9
141,"w","S13w","2016-02-05","08:25",74.2,1000,24.7
141,"w","S14w","2016-02-05","08:25",68.3,935,19.1
142,"al","DS03al","2016-02-10","12:34",28.1,91.6,2.64
142,"al","S01al","2016-02-10","12:27",373,80,7.92
142,"al","S02al","2016-02-10","12:27",631,80,4.78
142,"al","S03al","2016-02-10","12:27",2440,2290,616
142,"al","S04al","2016-02-10","12:27",638,677,192
142,"al","S05al","2016-02-10","12:27",401,868,121
142,"al","S06al","2016-02-10","12:27",288,596,57.2
142,"al","S07al","2016-02-10","12:27",157,314,24.5
142,"al","S08al","2016-02-10","12:27",97.6,232,14.3
142,"al","S09al","2016-02-10","12:27",84.5,219,10.2
142,"al","S10al","2016-02-10","12:27",83.8,219,21.7
142,"al","S11al","2016-02-10","12:27",225,215,7.7
142,"al","S12al","2016-02-10","12:27",362,205,5.62
142,"al","S13al","2016-02-10","12:27",371,192,4.73
142,"al","S14al","2016-02-10","12:27",268,149,4.18
143,"ay","DS03ay","2016-02-11","11:22",3.69,80,0.5
143,"ay","S01ay","2016-02-11","11:13",211,80,0.626
143,"ay","S02ay","2016-02-11","11:13",170,80,0.654
143,"ay","S03ay","2016-02-11","11:13",67.7,189,4.71
143,"ay","S04ay","2016-02-11","11:13",45,132,2.65
143,"ay","S05ay","2016-02-11","11:13",46.4,96.7,1.33
143,"ay","S06ay","2016-02-11","11:13",45.2,80,1.34
143,"ay","S07ay","2016-02-11","11:13",20,80,0.609
143,"ay","S08ay","2016-02-11","11:13",15.8,80,0.5
143,"ay","S09ay","2016-02-11","11:13",15.1,80,0.5
143,"ay","S10ay","2016-02-11","11:13",13.3,90.1,0.5
143,"ay","S11ay","2016-02-11","11:13",15.7,80,0.5
143,"ay","S12ay","2016-02-11","11:13",11,80,0.5
143,"ay","S13ay","2016-02-11","11:13",10.3,80,0.5
143,"ay","S14ay","2016-02-11","11:13",8.67,80,0.5
144,"ak","DS03ak","2016-02-10","11:39",8.11,85.8,0.5
144,"ak","S01ak","2016-02-10","11:29",138,80,12.5
144,"ak","S02ak","2016-02-10","11:29",199,80,8.21
144,"ak","S03ak","2016-02-10","11:29",207,198,26.8
144,"ak","S04ak","2016-02-10","11:29",63.2,80,4.79
144,"ak","S05ak","2016-02-10","11:29",98.4,276,8.52
144,"ak","S06ak","2016-02-10","11:29",120,271,7.42
144,"ak","S07ak","2016-02-10","11:29",177,172,8.63
144,"ak","S08ak","2016-02-10","11:29",78.5,92.5,3.36
144,"ak","S09ak","2016-02-10","11:29",47.1,80,1.8
144,"ak","S10ak","2016-02-10","11:29",43.6,80,1.46
144,"ak","S11ak","2016-02-10","11:29",37.9,80,1.77
144,"ak","S12ak","2016-02-10","11:29",24.8,308,1.49
144,"ak","S13ak","2016-02-10","11:29",15.1,129,1.14
144,"ak","S14ak","2016-02-10","11:29",13.3,97.4,1.02
145,"ch","DS03ch","2016-02-18","16:51",7.02,80,0.5
145,"ch","S01ch","2016-02-18","16:44",81.3,80,5.72
145,"ch","S02ch","2016-02-18","16:44",117,80,1.55
145,"ch","S03ch","2016-02-18","16:44",135,80,1.41
145,"ch","S04ch","2016-02-18","16:44",138,80,2.48
145,"ch","S05ch","2016-02-18","16:44",141,83.8,2.87
145,"ch","S06ch","2016-02-18","16:44",129,93.5,2.74
145,"ch","S07ch","2016-02-18","16:44",114,86.8,2.73
145,"ch","S08ch","2016-02-18","16:44",85.1,80,2.32
145,"ch","S09ch","2016-02-18","16:44",73.3,80,1.98
145,"ch","S10ch","2016-02-18","16:44",99.8,80,2.55
145,"ch","S11ch","2016-02-18","16:44",61.3,80,1.69
145,"ch","S12ch","2016-02-18","16:44",55.5,80,1.69
145,"ch","S13ch","2016-02-18","16:44",46.1,80,1.19
145,"ch","S14ch","2016-02-18","16:44",44.1,80,1.13
151,"l","DS03l","2016-02-02","09:19",21.5,80,0.5
151,"l","S01l","2016-02-02","09:10",73.1,80,3.35
151,"l","S02l","2016-02-02","09:10",83.6,80,5.12
151,"l","S03l","2016-02-02","09:10",105,80,5.35
151,"l","S04l","2016-02-02","09:10",91.7,80,1.32
151,"l","S05l","2016-02-02","09:10",63.7,80,0.977
151,"l","S06l","2016-02-02","09:10",54.4,80,0.713
151,"l","S07l","2016-02-02","09:10",48.9,80,0.875
151,"l","S08l","2016-02-02","09:10",30.3,80,0.5
151,"l","S09l","2016-02-02","09:10",37.3,80,0.5
151,"l","S10l","2016-02-02","09:10",41.1,80,0.5
151,"l","S11l","2016-02-02","09:10",57.4,80,0.5
151,"l","S12l","2016-02-02","09:10",69.3,80,0.5
151,"l","S13l","2016-02-02","09:10",77.1,80,0.5
151,"l","S14l","2016-02-02","09:17",74.5,80,0.5
152,"cq","DS03cq","2016-02-19","11:15",6.29,80,0.5
152,"cq","S01cq","2016-02-19","11:08",59.2,80,0.726
152,"cq","S02cq","2016-02-19","11:08",105,80,1.37
152,"cq","S03cq","2016-02-19","11:08",38.3,80,0.5
152,"cq","S04cq","2016-02-19","11:08",17.5,80,0.62
152,"cq","S05cq","2016-02-19","11:08",16.4,80,0.63
152,"cq","S06cq","2016-02-19","11:08",14,80,0.753
152,"cq","S07cq","2016-02-19","11:08",12.7,80,0.5
152,"cq","S08cq","2016-02-19","11:08",11.7,80,0.52
152,"cq","S09cq","2016-02-19","11:08",11.3,80,0.5
152,"cq","S10cq","2016-02-19","11:08",11.9,80,0.5
152,"cq","S11cq","2016-02-19","11:08",12.4,80,0.905
152,"cq","S12cq","2016-02-19","11:08",10.9,80,0.5
152,"cq","S13cq","2016-02-19","11:08",9.2,80,0.5
152,"cq","S14cq","2016-02-19","11:08",9.08,80,0.5
156,"r","DS03r","2016-02-04","07:27",8.24,80,0.5
156,"r","S01r","2016-02-04","07:22",85.6,80,0.697
156,"r","S02r","2016-02-04","07:22",54.3,80,1.76
156,"r","S03r","2016-02-04","07:22",11,80,1.59
156,"r","S04r","2016-02-04","07:22",7.25,80,1.13
156,"r","S05r","2016-02-04","07:22",9.36,80,0.5
156,"r","S06r","2016-02-04","07:22",6.17,80,0.5
156,"r","S07r","2016-02-04","07:22",7.52,80,0.5
156,"r","S08r","2016-02-04","07:22",5.07,80,0.565
156,"r","S09r","2016-02-04","07:22",4.55,80,0.5
156,"r","S10r","2016-02-04","07:22",4.2,80,0.5
156,"r","S11r","2016-02-04","07:22",3.56,80,0.5
156,"r","S12r","2016-02-04","07:22",2.84,80,0.5
156,"r","S13r","2016-02-04","07:22",2.45,80,0.5
156,"r","S14r","2016-02-04","07:22",2.29,80,0.5
158,"bh","DS03bh","2016-02-15","14:51",1.69,80,0.5
158,"bh","S01bh","2016-02-15","14:46",29,80,1.06
158,"bh","S02bh","2016-02-15","14:46",31.8,80,3
158,"bh","S03bh","2016-02-15","14:46",5.63,80,4.57
158,"bh","S04bh","2016-02-15","14:46",4.1,80,1.76
158,"bh","S05bh","2016-02-15","14:46",5.61,80,1.34
158,"bh","S06bh","2016-02-15","14:46",34.3,123,2.38
158,"bh","S07bh","2016-02-15","14:46",13.8,80,1.39
158,"bh","S08bh","2016-02-15","14:46",5.48,80,0.762
158,"bh","S09bh","2016-02-15","14:46",4.45,80,0.667
158,"bh","S10bh","2016-02-15","14:46",3.98,80,0.636
158,"bh","S11bh","2016-02-15","14:46",3.64,80,0.913
158,"bh","S12bh","2016-02-15","14:46",3.27,80,1.49
158,"bh","S13bh","2016-02-15","14:46",2.81,80,1.46
158,"bh","S14bh","2016-02-15","14:46",2.53,80,1.14
169,"k","DS03k","2016-02-02","07:12",1.01,80,0.5
169,"k","S01k","2016-02-02","07:05",31.8,80,176
169,"k","S02k","2016-02-02","07:05",5.46,80,0.632
169,"k","S03k","2016-02-02","07:05",4,80,14
169,"k","S04k","2016-02-02","07:05",4.35,80,0.99
169,"k","S05k","2016-02-02","07:05",4.51,80,0.902
169,"k","S06k","2016-02-02","07:05",5.45,80,0.943
169,"k","S07k","2016-02-02","07:05",2.88,80,0.858
169,"k","S08k","2016-02-02","07:05",1.87,80,0.824
169,"k","S09k","2016-02-02","07:05",1.61,80,0.836
169,"k","S10k","2016-02-02","07:05",1.78,80,0.935
169,"k","S11k","2016-02-02","07:05",1.43,80,0.882
169,"k","S12k","2016-02-02","07:05",1.22,80,0.875
169,"k","S13k","2016-02-02","07:05",1.27,80,0.931
169,"k","S18k","2016-02-02","07:05",1.16,80,0.5
174,"ax","DS03ax","2016-02-11","09:15",4.99,110,3.5
174,"ax","S01ax","2016-02-11","09:08",56.1,128,4.18
174,"ax","S02ax","2016-02-11","09:08",179,109,10.7
174,"ax","S03ax","2016-02-11","09:08",74.7,412,21
174,"ax","S04ax","2016-02-11","09:08",67.6,710,39
174,"ax","S05ax","2016-02-11","09:08",38.7,369,21.6
174,"ax","S06ax","2016-02-11","09:08",29,291,16.7
174,"ax","S07ax","2016-02-11","09:08",23.6,229,13.4
174,"ax","S08ax","2016-02-11","09:08",26.8,251,13.6
174,"ax","S09ax","2016-02-11","09:08",26.1,222,13.7
174,"ax","S10ax","2016-02-11","09:08",16.1,220,12.8
174,"ax","S11ax","2016-02-11","09:08",14.8,338,12.2
174,"ax","S12ax","2016-02-11","09:08",11.8,189,8.36
174,"ax","S13ax","2016-02-11","09:08",11,175,7.41
174,"ax","S14ax","2016-02-11","09:08",10.4,170,7.58
189,"at","DS03at","2016-02-10","09:20",7.25,282,3.18
189,"at","S01at","2016-02-10","09:15",66.2,258,4.94
189,"at","S02at","2016-02-10","09:15",66.4,216,4.26
189,"at","S03at","2016-02-10","09:15",412,1090,274
189,"at","S04at","2016-02-10","09:15",369,1020,181
189,"at","S05at","2016-02-10","09:15",238,840,92.4
189,"at","S06at","2016-02-10","09:15",127,556,47
189,"at","S07at","2016-02-10","09:15",87,449,32.1
189,"at","S08at","2016-02-10","09:15",48.5,358,22.9
189,"at","S09at","2016-02-10","09:15",30.2,388,17.4
189,"at","S10at","2016-02-10","09:15",23.8,393,16.8
189,"at","S11at","2016-02-10","09:15",20.8,359,24.5
189,"at","S12at","2016-02-10","09:15",22.5,375,29.6
189,"at","S13at","2016-02-10","09:15",21,393,22.6
189,"at","S14at","2016-02-10","09:15",20.1,362,12.8
190,"g","DS03g","2016-01-31","08:55",14.7,80,1.51
190,"g","S01g","2016-01-31","08:43",181,80,3.7
190,"g","S02g","2016-01-31","08:43",77.9,80,2.34
190,"g","S03g","2016-01-31","08:43",80,80,2.01
190,"g","S04g","2016-01-31","08:43",347,80,1.61
190,"g","S05g","2016-01-31","08:43",216,80,1.87
190,"g","S06g","2016-01-31","08:43",189,80,1.73
190,"g","S07g","2016-01-31","08:43",191,80,1.36
190,"g","S08g","2016-01-31","08:43",184,80,1.43
190,"g","S09g","2016-01-31","08:43",146,80,3.03
190,"g","S10g","2016-01-31","08:43",54,80,6.83
190,"g","S11g","2016-01-31","08:43",22.1,80,5.41
190,"g","S12.5g","2016-01-31","08:43",21.2,80,2.75
190,"g","S12g","2016-01-31","08:43",27.2,80,7.44
190,"g","S13g","2016-01-31","08:43",19.8,80,1.45
192,"ab","DS03ab","2016-02-08","07:18",6.2,100,3.3
192,"ab","S01ab","2016-02-08","07:14",110,100,6
192,"ab","S02ab","2016-02-08","07:14",160,100,10
192,"ab","S03ab","2016-02-08","07:14",300,550,260
192,"ab","S04ab","2016-02-08","07:14",160,270,150
192,"ab","S05ab","2016-02-08","07:14",110,150,78
192,"ab","S06ab","2016-02-08","07:14",55,100,47
192,"ab","S07ab","2016-02-08","07:14",42,100,36
192,"ab","S08ab","2016-02-08","07:14",38,110,31
192,"ab","S09ab","2016-02-08","07:14",31,140,23
192,"ab","S10ab","2016-02-08","07:14",30,200,18
192,"ab","S11ab","2016-02-08","07:14",23,160,14
192,"ab","S12ab","2016-02-08","07:14",19,100,13
192,"ab","S13ab","2016-02-08","07:14",18,100,12
192,"ab","S14ab","2016-02-08","07:14",17,100,12
193,"m","DS03m","2016-02-03","07:09",5.47,80,1.33
193,"m","S01m","2016-02-03","07:01",55.8,80,2.24
193,"m","S02m","2016-02-03","07:01",72.6,80,4.94
193,"m","S03m","2016-02-03","07:01",59.3,80,10.2
193,"m","S04m","2016-02-03","07:01",29.4,80,9.29
193,"m","S05m","2016-02-03","07:01",23.4,80,7.14
193,"m","S06m","2016-02-03","07:01",20.7,80,5.63
193,"m","S07m","2016-02-03","07:01",19.3,80,5.26
193,"m","S08m","2016-02-03","07:01",24.6,80,4.78
193,"m","S09m","2016-02-03","07:01",16.8,84.5,14.6
193,"m","S10m","2016-02-03","07:01",12.4,80,3.75
193,"m","S11m","2016-02-03","07:01",8.99,80,3.63
193,"m","S12m","2016-02-03","07:01",8.68,80,3.64
193,"m","S13m","2016-02-03","07:01",8.03,80,3.41
193,"m","S14m","2016-02-03","07:01",7.64,80,3.17
198,"e","S01e","2016-01-28","14:08",351,888,10.7
198,"e","S02e","2016-01-28","14:08",231,97.4,2.97
198,"e","S03e","2016-01-28","14:08",258,107,2.4
198,"e","S04e","2016-01-28","14:08",150,130,1.02
198,"e","S05e","2016-01-28","14:08",79.4,114,0.658
198,"e","S06e","2016-01-28","14:08",52.2,101,0.5
198,"e","S07e","2016-01-28","14:08",42.6,86.5,0.5
198,"e","S08e","2016-01-28","14:08",38.1,85.9,0.5
198,"e","S09e","2016-01-28","14:08",33.8,84.4,0.5
198,"e","S10e","2016-01-28","14:08",34,82.6,0.5
198,"e","S11e","2016-01-28","14:08",31.8,99.3,0.5
198,"e","S12e","2016-01-28","14:08",28.9,80,0.5
198,"e","S13e","2016-01-28","14:08",28.9,86.5,0.5
198,"e","S14e","2016-01-28","14:14",27.5,88.8,0.5
198,"e","DS03e","2016-01-28","14:20",23,80,0.5
200,"cw","DS03cw","2016-02-20","08:41",2.39,80,0.511
200,"cw","S01cw","2016-02-20","08:33",38.8,80,1.98
200,"cw","S02cw","2016-02-20","08:33",29.4,80,1.32
200,"cw","S03cw","2016-02-20","08:33",25.9,80,1.63
200,"cw","S04cw","2016-02-20","08:33",17.2,80,1.53
200,"cw","S05cw","2016-02-20","08:33",31.3,80,2.14
200,"cw","S06cw","2016-02-20","08:33",45.5,193,7.8
200,"cw","S07cw","2016-02-20","08:33",16.5,90,4.6
200,"cw","S08cw","2016-02-20","08:33",10.7,80,3.23
200,"cw","S09cw","2016-02-20","08:33",8.37,80,6.32
200,"cw","S10cw","2016-02-20","08:33",6.78,80,9.2
200,"cw","S11cw","2016-02-20","08:33",6.31,80,3.07
200,"cw","S12cw","2016-02-20","08:33",5.75,80,1.71
200,"cw","S13cw","2016-02-20","08:33",5.43,80,1.66
200,"cw","S14cw","2016-02-20","08:33",4.59,80,1.56
211,"cs","DS03cs","2016-02-20","07:33",5.31,80,1.03
211,"cs","S01cs","2016-02-20","07:19",299,80,2970
211,"cs","S02cs","2016-02-20","07:19",259,80,5.58
211,"cs","S03cs","2016-02-20","07:19",229,132,160
211,"cs","S04cs","2016-02-20","07:19",97.9,138,106
211,"cs","S05cs","2016-02-20","07:19",61.4,108,28.1
211,"cs","S06cs","2016-02-20","07:19",50.3,81.7,23.8
211,"cs","S07cs","2016-02-20","07:19",40.9,80,16.5
211,"cs","S08cs","2016-02-20","07:19",34.8,80.8,12.4
211,"cs","S09cs","2016-02-20","07:19",33.5,80,20.5
211,"cs","S10cs","2016-02-20","07:19",32.8,80,17.5
211,"cs","S11cs","2016-02-20","07:19",26.2,80,11.4
211,"cs","S12cs","2016-02-20","07:19",22.5,80,10.8
211,"cs","S13cs","2016-02-20","07:19",24.2,80,12.8
211,"cs","S14cs","2016-02-20","07:19",20.1,80,11.6
220,"br","DS03br","2016-02-16","13:56",5.3,134,0.35
220,"br","S01br","2016-02-16","13:48",187,126,3.1
220,"br","S02br","2016-02-16","13:48",95.6,176,4.2
220,"br","S03br","2016-02-16","13:48",23.4,103,0.9
220,"br","S04br","2016-02-16","13:48",25,97,1
220,"br","S05br","2016-02-16","13:48",18.2,74,0.54
220,"br","S06br","2016-02-16","13:48",17.7,79,0.35
220,"br","S07br","2016-02-16","13:48",13.4,111,0.4
220,"br","S08br","2016-02-16","13:48",10.8,172,0.35
220,"br","S09br","2016-02-16","13:48",9.2,424,0.46
220,"br","S10br","2016-02-16","13:48",6.4,196,0.48
220,"br","S11br","2016-02-16","13:48",5.8,148,0.35
220,"br","S12br","2016-02-16","13:48",5.6,138,0.35
220,"br","S13br","2016-02-16","13:48",5.6,139,0.36
220,"br","S14br","2016-02-16","13:48",5.3,146,0.69
225,"cd","DS03cd","2016-02-18","07:24",1.1,80,0.61
225,"cd","S01cd","2016-02-18","07:14",4.8,80,4.9
225,"cd","S02cd","2016-02-18","07:14",1.1,80,7.71
225,"cd","S03cd","2016-02-18","07:14",1.5,80,14.9
225,"cd","S04cd","2016-02-18","07:14",2.4,80,12.1
225,"cd","S05cd","2016-02-18","07:14",10.7,174,8.6
225,"cd","S06cd","2016-02-18","07:14",4,129,6.03
225,"cd","S07cd","2016-02-18","07:14",2,93,6.01
225,"cd","S08cd","2016-02-18","07:14",1.8,91,5.33
225,"cd","S09cd","2016-02-18","07:14",4.7,95,9.58
225,"cd","S10cd","2016-02-18","07:14",3.5,90,11
225,"cd","S11cd","2016-02-18","07:14",1.5,80,7.39
225,"cd","S12cd","2016-02-18","07:14",1.3,80,3.1
225,"cd","S13cd","2016-02-18","07:14",1.2,80,1.7
225,"cd","S14cd","2016-02-18","07:14",1.1,80,1.3
226,"bz","DS03bz","2016-02-17","18:34",5.08,80,0.5
226,"bz","S01bz","2016-02-17","18:28",161,80,0.768
226,"bz","S02bz","2016-02-17","18:28",76.8,80,0.5
226,"bz","S03bz","2016-02-17","18:28",51.2,80,0.5
226,"bz","S04bz","2016-02-17","18:28",29,80,0.5
226,"bz","S05bz","2016-02-17","18:28",24,80,0.5
226,"bz","S06bz","2016-02-17","18:28",21.5,80,0.5
226,"bz","S07bz","2016-02-17","18:28",19.1,80,0.5
226,"bz","S09bz","2016-02-17","18:28",13.9,80,0.5
226,"bz","S08bz","2016-02-17","18:28",17.1,80,0.5
226,"bz","S10bz","2016-02-17","18:28",11.1,80,0.5
226,"bz","S11bz","2016-02-17","18:28",8.53,80,0.5
226,"bz","S12bz","2016-02-17","18:28",8.19,80,0.5
226,"bz","S13bz","2016-02-17","18:28",7.87,80,0.5
226,"bz","S14bz","2016-02-17","18:28",7.66,80,0.5
229,"cf","DS03cf","2016-02-18","09:18",2.93,80,0.5
229,"cf","S01cf","2016-02-18","09:12",46.3,185,3.04
229,"cf","S02cf","2016-02-18","09:12",45,80,1.67
229,"cf","S03cf","2016-02-18","09:12",64.2,80,2.91
229,"cf","S04cf","2016-02-18","09:12",30.8,80,2.55
229,"cf","S05cf","2016-02-18","09:12",12.9,80,2.42
229,"cf","S06cf","2016-02-18","09:12",17.9,80,1.94
229,"cf","S07cf","2016-02-18","09:12",6.6,80,1.29
229,"cf","S08cf","2016-02-18","09:12",5.2,80,1.13
229,"cf","S09cf","2016-02-18","09:12",5.49,80,1.3
229,"cf","S10cf","2016-02-18","09:12",4.78,80,3.56
229,"cf","S11cf","2016-02-18","09:12",3.75,80,4.25
229,"cf","S12cf","2016-02-18","09:12",3.33,80,3.32
229,"cf","S13cf","2016-02-18","09:12",3.18,80,1.62
229,"cf","S14cf","2016-02-18","09:12",3.01,80,0.714
241,"cm","DS03cm","2016-02-19","10:58",13.3,80,0.5
241,"cm","S01cm","2016-02-19","10:46",299,80,15.7
241,"cm","S02cm","2016-02-19","10:46",124,80,3.18
241,"cm","S03cm","2016-02-19","10:46",68,80,0.705
241,"cm","S04cm","2016-02-19","10:46",76.4,80,3.5
241,"cm","S05cm","2016-02-19","10:46",62.9,80,0.651
241,"cm","S06cm","2016-02-19","10:46",56.9,80,0.5
241,"cm","S07cm","2016-02-19","10:46",44.1,80,0.5
241,"cm","S08cm","2016-02-19","10:46",42.2,80,0.5
241,"cm","S09cm","2016-02-19","10:46",39.2,80,0.5
241,"cm","S10cm","2016-02-19","10:46",36,80,0.5
241,"cm","S11cm","2016-02-19","10:46",25.9,80,0.5
241,"cm","S12cm","2016-02-19","10:46",19,80,0.5
241,"cm","S13cm","2016-02-19","10:46",16.6,80,0.5
241,"cm","S14cm","2016-02-19","10:46",14.7,80,0.5
253,"db","DS03db","2016-02-22","07:30",12,170,2.3
253,"db","S01db","2016-02-22","07:21",59,100,4.4
253,"db","S02db","2016-02-22","07:21",110,100,37
253,"db","S03db","2016-02-22","07:21",130,440,110
253,"db","S04db","2016-02-22","07:21",62,190,54
253,"db","S05db","2016-02-22","07:21",42,110,34
253,"db","S06db","2016-02-22","07:21",42,100,26
253,"db","S07db","2016-02-22","07:21",45,100,66
253,"db","S08db","2016-02-22","07:21",42,100,19
253,"db","S09db","2016-02-22","07:21",42,100,17
253,"db","S10db","2016-02-22","07:21",42,100,12
253,"db","S11db","2016-02-22","07:21",38,100,11
253,"db","S12db","2016-02-22","07:21",36,100,11
253,"db","S13db","2016-02-22","07:21",30,110,7.2
253,"db","S14db","2016-02-22","07:21",26,130,7.6
255,"dc","DS03dc","2016-02-22","07:16",5.2,100,0.5
255,"dc","S01dc","2016-02-22","07:10",120,100,1.1
255,"dc","S02dc","2016-02-22","07:10",110,100,1.4
255,"dc","S03dc","2016-02-22","07:10",47,100,2.6
255,"dc","S04dc","2016-02-22","07:10",37,100,1.8
255,"dc","S05dc","2016-02-22","07:10",40,100,1.5
255,"dc","S06dc","2016-02-22","07:10",38,100,1.5
255,"dc","S07dc","2016-02-22","07:10",28,100,1.5
255,"dc","S08dc","2016-02-22","07:10",15,100,1.5
255,"dc","S09dc","2016-02-22","07:10",11,100,1.7
255,"dc","S10dc","2016-02-22","07:10",10,100,5
255,"dc","S11dc","2016-02-22","07:10",7.3,180,12
255,"dc","S12dc","2016-02-22","07:10",6.4,100,3.1
255,"dc","S13dc","2016-02-22","07:10",5.9,100,0.9
255,"dc","S14dc","2016-02-22","07:10",6,100,0.71
257,"cz","DS03cz","2016-02-21","18:24",4,110,2.5
257,"cz","S01cz","2016-02-21","18:18",100,100,16
257,"cz","S02cz","2016-02-21","18:18",40,100,13
257,"cz","S03cz","2016-02-21","18:18",31,140,13
257,"cz","S04cz","2016-02-21","18:18",7.9,100,10
257,"cz","S05cz","2016-02-21","18:18",6.3,100,8.9
257,"cz","S06cz","2016-02-21","18:18",5.4,100,8.7
257,"cz","S07cz","2016-02-21","18:18",5.5,100,11
257,"cz","S08cz","2016-02-21","18:18",5.2,100,18
257,"cz","S09cz","2016-02-21","18:18",4.1,100,31
257,"cz","S10cz","2016-02-21","18:18",3.5,100,38
257,"cz","S11cz","2016-02-21","18:18",3.4,120,22
257,"cz","S12cz","2016-02-21","18:18",3,120,9
257,"cz","S13cz","2016-02-21","18:18",4.1,110,6
257,"cz","S14cz","2016-02-21","18:18",2.8,110,4.9
267,"df","DS03df","2016-02-23","09:27",18,100,1.2
267,"df","S01df","2016-02-23","09:19",170,100,4.1
267,"df","S02df","2016-02-23","09:19",160,100,4.8
267,"df","S03df","2016-02-23","09:19",200,100,5.1
267,"df","S04df","2016-02-23","09:19",260,190,17
267,"df","S05df","2016-02-23","09:19",210,210,15
267,"df","S06df","2016-02-23","09:19",100,120,8.6
267,"df","S07df","2016-02-23","09:19",68,100,5.7
267,"df","S08df","2016-02-23","09:19",56,100,4.3
267,"df","S09df","2016-02-23","09:19",53,100,3.6
267,"df","S10df","2016-02-23","09:19",57,100,3.3
267,"df","S11df","2016-02-23","09:19",52,100,3.2
267,"df","S12df","2016-02-23","09:19",40,100,3
267,"df","S13df","2016-02-23","09:19",32,100,2.7
267,"df","S14df","2016-02-23","09:19",31,100,2.7
272,"dg","DS03dg","2016-02-23","09:29",8.6,100,0.5
272,"dg","S01dg","2016-02-23","09:21",140,100,53
272,"dg","S02dg","2016-02-23","09:21",230,100,1.9
272,"dg","S03dg","2016-02-23","09:21",65,100,1.8
272,"dg","S04dg","2016-02-23","09:21",58,100,0.5
272,"dg","S05dg","2016-02-23","09:21",53,100,0.5
272,"dg","S06dg","2016-02-23","09:21",51,100,0.5
272,"dg","S07dg","2016-02-23","09:21",42,100,0.5
272,"dg","S09dg","2016-02-23","09:21",32,100,0.5
272,"dg","S08dg","2016-02-23","09:21",31,100,0.5
272,"dg","S10dg","2016-02-23","09:21",20,100,0.5
272,"dg","S11dg","2016-02-23","09:21",14,100,0.5
272,"dg","S12dg","2016-02-23","09:21",13,100,0.5
272,"dg","S13dg","2016-02-23","09:21",13,100,0.5
272,"dg","S14dg","2016-02-23","09:21",12,100,0.5
276,"dh","DS03dh","2016-02-23","12:52",9,100,1.2
276,"dh","S02dh","2016-02-23","12:46",270,100,15
276,"dh","S03dh","2016-02-23","12:46",120,330,130
276,"dh","S04dh","2016-02-23","12:46",38,100,12
276,"dh","S05dh","2016-02-23","12:46",280,1000,370
276,"dh","S06dh","2016-02-23","12:46",300,950,340
276,"dh","S07dh","2016-02-23","12:46",170,450,150
276,"dh","S09dh","2016-02-23","12:46",70,190,93
276,"dh","S08dh","2016-02-23","12:46",110,290,84
276,"dh","S10dh","2016-02-23","12:46",59,160,44
276,"dh","S11dh","2016-02-23","12:46",45,130,120
276,"dh","S12dh","2016-02-23","12:46",42,120,160
276,"dh","S13dh","2016-02-23","12:46",31,210,42
276,"dh","S14dh","2016-02-23","12:46",27,100,39
276,"dh","S01dh","2016-02-23","12:46",110,520,40
277,"eb","DS03eb","2016-03-01","14:48",3.96,80,0.5
277,"eb","S01eb","2016-03-01","14:38",59.2,80,0.717
277,"eb","S02eb","2016-03-01","14:38",68,80,1.48
277,"eb","S03eb","2016-03-01","14:38",38.6,80,0.5
277,"eb","S04eb","2016-03-01","14:38",16.2,80,0.5
277,"eb","S05eb","2016-03-01","14:38",10.6,80,0.5
277,"eb","S06eb","2016-03-01","14:38",8.51,80,0.5
277,"eb","S07eb","2016-03-01","14:38",7.12,80,0.5
277,"eb","S08eb","2016-03-01","14:38",7.74,80,0.5
277,"eb","S09eb","2016-03-01","14:38",6.96,80,0.5
277,"eb","S10eb","2016-03-01","14:38",5.66,80,0.5
277,"eb","S11eb","2016-03-01","14:38",5.29,80,0.5
277,"eb","S12eb","2016-03-01","14:38",4.84,80,0.5
277,"eb","S13eb","2016-03-01","14:38",4.65,80,0.5
277,"eb","S14eb","2016-03-01","14:38",4.36,80,0.5
285,"dj","DS03dj","2016-02-24","12:04",3.21,80,0.5
285,"dj","S01dj","2016-02-24","11:57",75.7,80,1.08
285,"dj","S02dj","2016-02-24","11:57",74.5,80,2.37
285,"dj","S03dj","2016-02-24","11:57",111,80.6,21.8
285,"dj","S04dj","2016-02-24","11:57",39.9,80,40.9
285,"dj","S05dj","2016-02-24","11:57",29.9,80,5.13
285,"dj","S06dj","2016-02-24","11:57",20.6,80,4.55
285,"dj","S07dj","2016-02-24","11:57",17.8,80,3.43
285,"dj","S09dj","2016-02-24","11:57",15.5,80,3.75
285,"dj","S08dj","2016-02-24","11:57",15.6,80,2.72
285,"dj","S10dj","2016-02-24","11:57",14.2,84.8,3.44
285,"dj","S11dj","2016-02-24","11:57",10.8,80,1.92
285,"dj","S12dj","2016-02-24","11:57",10.5,80,2.21
285,"dj","S13dj","2016-02-24","11:57",9.83,80,3.69
285,"dj","S14dj","2016-02-24","11:57",9.7,80,2.07
286,"dk","DS03dk","2016-02-24","12:41",19.8,80,5.25
286,"dk","S01dk","2016-02-24","12:36",129,95.5,17.7
286,"dk","S02dk","2016-02-24","12:36",143,80,21
286,"dk","S03dk","2016-02-24","12:36",154,80,11.1
286,"dk","S04dk","2016-02-24","12:36",140,80,12.1
286,"dk","S05dk","2016-02-24","12:36",93.4,80,6.83
286,"dk","S06dk","2016-02-24","12:36",80.8,80,4.35
286,"dk","S07dk","2016-02-24","12:36",73.8,80,3.97
286,"dk","S08dk","2016-02-24","12:36",69.1,80,3.73
286,"dk","S09dk","2016-02-24","12:36",64.7,80,3.46
286,"dk","S10dk","2016-02-24","12:36",63,80,3.43
286,"dk","S11dk","2016-02-24","12:36",69.4,80,3.96
286,"dk","S12dk","2016-02-24","12:36",63.5,80,7.62
286,"dk","S13dk","2016-02-24","12:36",32,80,20.2
286,"dk","S14dk","2016-02-24","12:36",21.9,80,28.7
288,"dp","DS03dp","2016-02-25","17:08",3.03,80,0.5
288,"dp","S01dp","2016-02-25","17:00",84.9,80,3.09
288,"dp","S02dp","2016-02-25","17:00",95.7,80,3.51
288,"dp","S03dp","2016-02-25","17:00",71.7,80,2.79
288,"dp","S04dp","2016-02-25","17:00",31,80,1.87
288,"dp","S05dp","2016-02-25","17:00",10.4,80,1.03
288,"dp","S06dp","2016-02-25","17:00",5.41,80,0.988
288,"dp","S07dp","2016-02-25","17:00",4.88,80,1.22
288,"dp","S08dp","2016-02-25","17:00",4.14,129,1.42
288,"dp","S09dp","2016-02-25","17:00",3.85,80,1.87
288,"dp","S10dp","2016-02-25","17:00",3.75,80,2.27
288,"dp","S11dp","2016-02-25","17:00",3.6,80,2
288,"dp","S12dp","2016-02-25","17:00",3.74,80,1.33
288,"dp","S13dp","2016-02-25","17:00",3.52,262,0.914
288,"dp","S14dp","2016-02-25","17:00",3.61,80,0.539
291,"dq","DS03dq","2016-02-26","07:44",1.55,80,0.5
291,"dq","S01dq","2016-02-26","07:33",25.1,80,1.03
291,"dq","S02dq","2016-02-26","07:33",31.6,80,1.38
291,"dq","S03dq","2016-02-26","07:33",27.1,80,2.19
291,"dq","S04dq","2016-02-26","07:33",4.91,80,0.5
291,"dq","S05dq","2016-02-26","07:33",4.74,80,0.5
291,"dq","S06dq","2016-02-26","07:33",3.17,80,0.5
291,"dq","S07dq","2016-02-26","07:33",3.24,80,0.5
291,"dq","S08dq","2016-02-26","07:33",3.51,80,0.5
291,"dq","S09dq","2016-02-26","07:33",2.33,80,0.5
291,"dq","S10dq","2016-02-26","07:33",1.86,80,0.5
291,"dq","S11dq","2016-02-26","07:33",2.53,80,0.5
291,"dq","S12dq","2016-02-26","07:33",1.51,80,0.5
291,"dq","S13dq","2016-02-26","07:33",1.29,80,0.5
291,"dq","S14dq","2016-02-26","07:33",1.49,80,0.5
294,"ds","DS03ds","2016-02-26","09:18",13.6,100,6.17
294,"ds","S01ds","2016-02-26","09:13",315,601,55.2
294,"ds","S02ds","2016-02-26","09:13",186,1630,105
294,"ds","S03ds","2016-02-26","09:13",52.5,155,8.06
294,"ds","S04ds","2016-02-26","09:13",79.2,134,11.2
294,"ds","S05ds","2016-02-26","09:13",62.7,143,12.1
294,"ds","S06ds","2016-02-26","09:13",63.3,125,10.4
294,"ds","S07ds","2016-02-26","09:13",46.5,160,16.8
294,"ds","S08ds","2016-02-26","09:13",55.4,210,24.6
294,"ds","S09ds","2016-02-26","09:13",49.6,216,40.7
294,"ds","S10ds","2016-02-26","09:13",33.7,264,60.3
294,"ds","S11ds","2016-02-26","09:13",26,289,49.2
294,"ds","S12ds","2016-02-26","09:13",21.6,234,34.6
294,"ds","S13ds","2016-02-26","09:13",16.3,221,38
294,"ds","S14ds","2016-02-26","09:13",13.6,145,17.8
295,"dt","DS03dt","2016-02-26","15:51",16.5,80,1.5
295,"dt","S01dt","2016-02-26","15:35",165,119,67.9
295,"dt","S02dt","2016-02-26","15:35",149,82.1,39.4
295,"dt","S03dt","2016-02-26","15:35",123,80,13.5
295,"dt","S04dt","2016-02-26","15:35",70.5,80,9.54
295,"dt","S05dt","2016-02-26","15:35",69.6,80,6.39
295,"dt","S06dt","2016-02-26","15:35",59.1,80,4.75
295,"dt","S07dt","2016-02-26","15:35",58.1,80,5.14
295,"dt","S09dt","2016-02-26","15:35",39.1,80,5.9
295,"dt","S08dt","2016-02-26","15:35",58.4,80,5.22
295,"dt","S10dt","2016-02-26","15:35",23.7,80,5.96
295,"dt","S11dt","2016-02-26","15:35",18.9,80,5.96
295,"dt","S12dt","2016-02-26","15:35",17.4,80,6.27
295,"dt","S13dt","2016-02-26","15:35",15.1,80,5.85
295,"dt","S14dt","2016-02-26","15:35",14.3,80,5.45
297,"di","DS03di","2016-02-26","12:25",12.5,80,1.16
297,"di","S01di","2016-02-26","12:20",169,254,11
297,"di","S02di","2016-02-26","12:20",540,80,3.06
297,"di","S03di","2016-02-26","12:20",300,80,2.71
297,"di","S04di","2016-02-26","12:20",116,156,4.84
297,"di","S05di","2016-02-26","12:20",58,169,5.6
297,"di","S06di","2016-02-26","12:20",28.6,80,2.56
297,"di","S07di","2016-02-26","12:20",19.9,80,2.53
297,"di","S09di","2016-02-26","12:20",16.5,80,7.54
297,"di","S08di","2016-02-26","12:20",17.8,80,4.63
297,"di","S10di","2016-02-26","12:20",15,80,6.52
297,"di","S11di","2016-02-26","12:20",14.7,80,4.27
297,"di","S12di","2016-02-26","12:20",14.1,80,1.71
297,"di","S13di","2016-02-26","12:20",14.6,80,1.2
297,"di","S14di","2016-02-26","12:20",12.8,80,0.792
303,"dx","DS03dx","2016-02-27","09:15",4.15,80,0.5
303,"dx","S01dx","2016-02-27","09:05",155,80,2.42
303,"dx","S02dx","2016-02-27","09:05",59.1,80,1.27
303,"dx","S03dx","2016-02-27","09:05",15.5,80,0.5
303,"dx","S04dx","2016-02-27","09:05",12.9,80,0.5
303,"dx","S05dx","2016-02-27","09:05",8.73,80,0.5
303,"dx","S06dx","2016-02-27","09:05",7.36,80,0.5
303,"dx","S07dx","2016-02-27","09:05",6.56,80,0.5
303,"dx","S08dx","2016-02-27","09:05",5.83,80,0.5
303,"dx","S09dx","2016-02-27","09:05",4.88,80,0.5
303,"dx","S10dx","2016-02-27","09:05",4.87,80,0.5
303,"dx","S11dx","2016-02-27","09:05",4.85,80,0.5
303,"dx","S12dx","2016-02-27","09:05",4.63,102,0.5
303,"dx","S12dx","2016-02-27","09:05",4.63,80,0.5
303,"dx","S13dx","2016-02-27","09:05",4.52,80,0.5
325,"dy","DS03dy","2016-02-28","08:50",12,831,0.52
325,"dy","S01dy","2016-02-28","08:37",258,131,16.2
325,"dy","S02dy","2016-02-28","08:37",171,336,8.5
325,"dy","S03dy","2016-02-28","08:37",86.7,178,4.1
325,"dy","S04dy","2016-02-28","08:37",51,141,0.98
325,"dy","S05dy","2016-02-28","08:37",35.8,151,0.58
325,"dy","S06dy","2016-02-28","08:37",26,154,0.59
325,"dy","S07dy","2016-02-28","08:37",18.6,146,0.44
325,"dy","S08dy","2016-02-28","08:37",14.9,147,0.35
325,"dy","S09dy","2016-02-28","08:37",12.6,150,0.35
325,"dy","S10dy","2016-02-28","08:37",11.2,159,0.35
325,"dy","S11dy","2016-02-28","08:37",10.6,161,0.35
325,"dy","S12dy","2016-02-28","08:37",10.1,168,0.35
325,"dy","S13dy","2016-02-28","08:37",10.6,170,0.35
325,"dy","S14dy","2016-02-28","08:37",10,174,0.35
330,"dz","S01dz","2016-02-29","08:17",200,573,100
330,"dz","S02dz","2016-02-29","08:17",206,448,68.5
330,"dz","S03dz","2016-02-29","08:17",41.2,175,22.2
330,"dz","S04dz","2016-02-29","08:17",7.4,95,1.6
330,"dz","S05dz","2016-02-29","08:17",5.9,82,1.1
330,"dz","S06dz","2016-02-29","08:17",5.8,86,1.2
330,"dz","S07dz","2016-02-29","08:17",5.3,85,1.3
330,"dz","S08dz","2016-02-29","08:17",5,112,4
330,"dz","S09dz","2016-02-29","08:17",4.5,122,3.9
330,"dz","S10dz","2016-02-29","08:17",4.3,97,1.8
330,"dz","S11dz","2016-02-29","08:17",4.5,95,1.3
330,"dz","S12dz","2016-02-29","08:17",4.2,83,1.1
330,"dz","S13dz","2016-02-29","08:17",4.5,82,0.96
330,"dz","S14dz","2016-02-29","08:17",4.3,82,0.87
330,"dz","S15dz","2016-02-29","08:17",4.3,82,0.87
360,"ed","DS03ed","2016-03-05","16:40",2.68,80,2.49
360,"ed","S01ed","2016-03-05","16:40",51.9,141,3.2
360,"ed","S02ed","2016-03-05","16:40",61.3,168,4.27
360,"ed","S03ed","2016-03-05","16:40",62.3,80,4.11
360,"ed","S04ed","2016-03-05","16:40",29.1,80,5.81
360,"ed","S05ed","2016-03-05","16:40",29.1,80,6.54
360,"ed","S06ed","2016-03-05","16:40",57.7,80,20.5
360,"ed","S07ed","2016-03-05","16:40",11.2,80,14.6
360,"ed","S08ed","2016-03-05","16:40",6.19,80,14
360,"ed","S09ed","2016-03-05","16:40",5.49,80,17.9
360,"ed","S10ed","2016-03-05","16:40",5.38,80,20.4
360,"ed","S11ed","2016-03-05","16:40",4.96,80,19.5
360,"ed","S12ed","2016-03-05","16:40",4.99,80,18
360,"ed","S13ed","2016-03-05","16:40",5.9,80,13.2
360,"ed","S14ed","2016-03-05","16:40",5.01,80,7.05
361,"ec","DS03ec","2016-03-05","08:44",6.69,80,0.5
361,"ec","S01ec","2016-03-05","08:44",61.4,80,0.886
361,"ec","S02ec","2016-03-05","08:44",151,80,1.09
361,"ec","S03ec","2016-03-05","08:44",40.7,80,2.38
361,"ec","S04ec","2016-03-05","08:44",40.5,80,3.72
361,"ec","S05ec","2016-03-05","08:44",108,80,3.22
361,"ec","S06ec","2016-03-05","08:44",172,80,2.77
361,"ec","S07ec","2016-03-05","08:44",105,80,2.72
361,"ec","S08ec","2016-03-05","08:44",32.2,80,4
361,"ec","S09ec","2016-03-05","08:44",20.5,80,4.1
361,"ec","S10ec","2016-03-05","08:44",19.6,80,3.29
361,"ec","S11ec","2016-03-05","08:44",24.1,80,1.36
361,"ec","S12ec","2016-03-05","08:44",24.6,80,0.904
361,"ec","S13ec","2016-03-05","08:44",23.3,80,0.891
361,"ec","S14ec","2016-03-05","08:44",17.9,80,0.812
412,"ee","ds03ee","2016-03-11","08:49",2.16,80,0.5
412,"ee","S01ee","2016-03-11","08:49",39.6,80,1.01
412,"ee","S02ee","2016-03-11","08:49",48.2,80,1.88
412,"ee","S03ee","2016-03-11","08:49",51.6,80,1.11
412,"ee","S04ee","2016-03-11","08:49",23.2,80,0.991
412,"ee","S05ee","2016-03-11","08:49",23.6,80,0.97
412,"ee","S06ee","2016-03-11","08:49",15.4,80,1.89
412,"ee","S07ee","2016-03-11","08:49",5.3,80,3.11
412,"ee","S08ee","2016-03-11","08:49",3.56,80,3.15
412,"ee","S09ee","2016-03-11","08:49",12.7,80,1.92
412,"ee","S10ee","2016-03-11","08:49",11.4,80,0.541
412,"ee","S11ee","2016-03-11","08:49",4.03,80,0.5
412,"ee","S12ee","2016-03-11","08:49",2.9,80,0.5
412,"ee","S13ee","2016-03-11","08:49",2.65,80,0.5
412,"ee","S14ee","2016-03-11","08:49",2.42,80,0.5
449,"eh","DS03eh","2016-03-16","15:24",3.96,80,2.61
449,"eh","S01eh","2016-03-16","15:24",126,80,3.53
449,"eh","S02eh","2016-03-16","15:24",89.2,80,4.98
449,"eh","S03eh","2016-03-16","15:24",297,1110,149
449,"eh","S04eh","2016-03-16","15:24",193,755,115
449,"eh","S05eh","2016-03-16","15:24",100,429,65.9
449,"eh","S06eh","2016-03-16","15:24",71.4,268,51.7
449,"eh","S07eh","2016-03-16","15:24",41.3,172,33.7
449,"eh","S08eh","2016-03-16","15:24",32,129,26.8
449,"eh","S09eh","2016-03-16","15:24",23.9,104,22.4
449,"eh","S10eh","2016-03-16","15:24",21.3,98.1,20.2
449,"eh","S11eh","2016-03-16","15:24",17.8,99.2,13
449,"eh","S12eh","2016-03-16","15:24",15.5,80,9.59
449,"eh","S13eh","2016-03-16","15:24",13.1,80,7.88
449,"eh","S14eh","2016-03-16","15:24",10.7,80,6.59
450,"ef","DS03ef","2016-03-15","09:21",3.6,80,2.8
450,"ef","S01ef","2016-03-15","09:14",156,378,20.9
450,"ef","S02ef","2016-03-15","09:14",70.7,482,15.7
450,"ef","S03ef","2016-03-15","09:14",295,812,144
450,"ef","S04ef","2016-03-15","09:14",110,274,49.2
450,"ef","S05ef","2016-03-15","09:14",44.7,116,28.7
450,"ef","S06ef","2016-03-15","09:14",26,80,23.7
450,"ef","S07ef","2016-03-15","09:14",22.8,80,19.6
450,"ef","S08ef","2016-03-15","09:14",16.1,80,15.3
450,"ef","S09ef","2016-03-15","09:14",12.4,80,14.2
450,"ef","S10ef","2016-03-15","09:14",12,80,9.61
450,"ef","S11ef","2016-03-15","09:14",11.1,80,6.78
450,"ef","S12ef","2016-03-15","09:14",8.92,80,5.79
450,"ef","S13ef","2016-03-15","09:14",12.6,80,5.92
450,"ef","S14ef","2016-03-15","09:14",8.24,80,5.32
470,"cx","DS03cx","2016-02-21","07:15",4.17,221,11.7
470,"cx","S01cx","2016-02-21","07:15",27.1,213,5.68
470,"cx","S02cx","2016-02-21","07:15",9.47,107,2.36
470,"cx","S03cx","2016-02-21","07:15",15.6,454,21.6
470,"cx","S04cx","2016-02-21","07:15",28,1060,80
470,"cx","S05cx","2016-02-21","07:15",20.3,895,66.9
470,"cx","S06cx","2016-02-21","07:15",16.4,791,55.9
470,"cx","S07cx","2016-02-21","07:15",13.2,686,50.1
470,"cx","S08cx","2016-02-21","07:15",11.3,660,45.4
470,"cx","S09cx","2016-02-21","07:15",9.81,579,40.7
470,"cx","S10cx","2016-02-21","07:15",9.88,626,37
470,"cx","S11cx","2016-02-21","07:15",8.7,495,31.7
470,"cx","S12cx","2016-02-21","07:15",9.36,485,29.8
470,"cx","S13cx","2016-02-21","07:15",7.73,462,26.3
470,"cx","S14cx","2016-02-21","07:15",7.48,413,24.4
471,"cy","DS03cy","2016-02-21","08:14",29.8,243,0.5
471,"cy","S01cy","2016-02-21","08:14",179,198,0.708
471,"cy","S02cy","2016-02-21","08:14",342,185,1.17
471,"cy","S03cy","2016-02-21","08:14",286,170,1.46
471,"cy","S04cy","2016-02-21","08:14",158,224,0.795
471,"cy","S05cy","2016-02-21","08:14",136,333,0.5
471,"cy","S06cy","2016-02-21","08:14",117,273,0.5
471,"cy","S07cy","2016-02-21","08:14",93.4,178,0.5
471,"cy","S08cy","2016-02-21","08:14",94.7,173,0.5
471,"cy","S09cy","2016-02-21","08:14",95.9,169,0.5
471,"cy","S10cy","2016-02-21","08:14",90.7,164,0.5
471,"cy","S11cy","2016-02-21","08:14",77.6,171,0.5
471,"cy","S12cy","2016-02-21","08:14",59.3,185,0.5
471,"cy","S13cy","2016-02-21","08:14",41,227,0.5
471,"cy","S14cy","2016-02-21","08:14",36.1,232,0.5
714,"ei","DS03ei","2016-05-12","15:54",27.4,80,0.5
714,"ei","S01ei","2016-05-12","15:54",67.7,80,1.04
714,"ei","S02ei","2016-05-12","15:54",105,80,3.46
714,"ei","S03ei","2016-05-12","15:54",73,80,1.17
714,"ei","S04ei","2016-05-12","15:54",106,103,1.04
714,"ei","S05ei","2016-05-12","15:54",123,91.9,1.02
714,"ei","S06ei","2016-05-12","15:54",125,80,0.86
714,"ei","S07ei","2016-05-12","15:54",135,81.8,0.77
714,"ei","S08ei","2016-05-12","15:54",148,123,0.79
714,"ei","S09ei","2016-05-12","15:54",153,112,0.66
714,"ei","S10ei","2016-05-12","15:54",190,275,0.96
714,"ei","S11ei","2016-05-12","15:54",169,189,0.59
714,"ei","S12ei","2016-05-12","15:54",204,366,0.55
714,"ei","S13ei","2016-05-12","15:54",197,499,0.5
714,"ei","S14ei","2016-05-12","15:54",114,378,0.5
