,House Name,House Letter,Sample Number,Sample Date,Sample Time,Copper Result,Iron Result,Lead Result,Chloride Result
0,8,x,DS03x,2016-02-07,12:32,1.42,80.0,0.5,9040.0
1,8,x,S01x,2016-02-07,12:21,162.0,80.0,1.61,9040.0
2,8,x,S02x,2016-02-07,12:21,13.3,80.0,3.48,9040.0
3,8,x,S03x,2016-02-07,12:21,28.9,316.0,23.2,9040.0
4,8,x,S04x,2016-02-07,12:21,23.0,375.0,25.8,9040.0
5,8,x,S05x,2016-02-07,12:21,16.4,191.0,13.2,9040.0
6,8,x,S06x,2016-02-07,12:21,11.5,128.0,8.7,9040.0
7,8,x,S07x,2016-02-07,12:21,7.09,96.1,6.62,9040.0
8,8,x,S08x,2016-02-07,12:21,6.35,82.5,5.39,9040.0
9,8,x,S09x,2016-02-07,12:21,5.53,80.0,4.54,9040.0
10,8,x,S10x,2016-02-07,12:21,4.59,80.0,4.49,9040.0
11,8,x,S11x,2016-02-07,12:21,4.01,91.0,4.53,9040.0
12,8,x,S12x,2016-02-07,12:21,3.98,80.0,2.85,9040.0
13,8,x,S13x,2016-02-07,12:21,3.54,80.0,2.59,9040.0
14,8,x,S14x,2016-02-07,12:21,3.53,80.0,2.56,9040.0
15,15,av,DS03av,2016-02-10,11:14,1.3,80.0,0.729,9460.0
16,15,av,S01av,2016-02-10,11:02,23.1,80.0,2.21,9460.0
17,15,av,S02av,2016-02-10,11:02,8.14,80.0,2.31,9460.0
18,15,av,S03av,2016-02-10,11:02,4.5,80.0,1.03,9460.0
19,15,av,S04av,2016-02-10,11:02,15.1,80.0,1.36,9460.0
20,15,av,S05av,2016-02-10,11:02,3.11,80.0,1.15,9460.0
21,15,av,S06av,2016-02-10,11:02,2.68,80.0,1.14,9460.0
22,15,av,S07av,2016-02-10,11:02,15.2,80.0,2.29,9460.0
23,15,av,S08av,2016-02-10,11:02,4.47,80.0,4.44,9460.0
24,15,av,S09av,2016-02-10,11:02,2.25,80.0,3.18,9460.0
25,15,av,S10av,2016-02-10,11:02,1.87,80.0,1.37,9460.0
26,15,av,S11av,2016-02-10,11:02,1.78,80.0,0.88,9460.0
27,15,av,S12av,2016-02-10,11:02,1.8,80.0,0.868,9460.0
28,15,av,S13av,2016-02-10,11:02,1.62,80.0,0.811,9460.0
29,15,av,S14av,2016-02-10,11:02,1.56,80.0,0.82,9460.0
30,17,ck,DS03ck,2016-02-19,08:19,5.37,80.0,0.5,9470.0
31,17,ck,S01ck,2016-02-19,08:12,146.0,179.0,2.11,9470.0
32,17,ck,S02ck,2016-02-19,08:12,107.0,80.0,1.08,9470.0
33,17,ck,S03ck,2016-02-19,08:12,218.0,541.0,25.1,9470.0
34,17,ck,S04ck,2016-02-19,08:12,183.0,552.0,13.5,9470.0
35,17,ck,S05ck,2016-02-19,08:12,67.9,168.0,4.92,9470.0
36,17,ck,S06ck,2016-02-19,08:12,45.4,121.0,2.43,9470.0
37,17,ck,S07ck,2016-02-19,08:12,29.8,94.5,1.74,9470.0
38,17,ck,S08ck,2016-02-19,08:12,24.4,81.0,1.29,9470.0
39,17,ck,S09ck,2016-02-19,08:12,23.0,80.0,1.65,9470.0
40,17,ck,S10ck,2016-02-19,08:12,19.7,80.0,0.938,9470.0
41,17,ck,S11ck,2016-02-19,08:12,17.7,80.0,0.872,9470.0
42,17,ck,S12ck,2016-02-19,08:12,14.4,80.0,0.742,9470.0
43,17,ck,S13ck,2016-02-19,08:12,13.4,80.0,0.669,9470.0
44,17,ck,S14ck,2016-02-19,08:12,13.2,80.0,0.646,9470.0
45,25,s,DS03s,2016-02-04,09:05,2.11,80.0,0.5,9280.0
46,25,s,S01s,2016-02-04,09:05,68.7,80.0,1.64,9280.0
47,25,s,S02s,2016-02-04,09:05,65.2,80.0,2.0,9280.0
48,25,s,S03s,2016-02-04,09:05,75.9,278.0,35.8,9280.0
49,25,s,S04s,2016-02-04,09:05,34.8,149.0,13.1,9280.0
50,25,s,S05s,2016-02-04,09:05,20.6,82.8,6.95,9280.0
51,25,s,S06s,2016-02-04,09:05,16.4,80.0,4.31,9280.0
52,25,s,S07s,2016-02-04,09:05,14.1,80.0,3.21,9280.0
53,25,s,S08s,2016-02-04,09:05,11.7,80.0,2.21,9280.0
54,25,s,S09s,2016-02-04,09:05,9.63,80.0,1.71,9280.0
55,25,s,S10s,2016-02-04,09:05,8.32,80.0,1.61,9280.0
56,25,s,S11s,2016-02-04,09:05,8.63,80.0,2.53,9280.0
57,25,s,S12s,2016-02-04,09:05,6.79,80.0,1.35,9280.0
58,25,s,S13s,2016-02-04,09:05,5.73,80.0,0.886,9280.0
59,25,s,S14s,2016-02-04,09:05,6.2,80.0,0.811,9280.0
60,27,bj,DS03bj,2016-02-16,07:28,2.2,156.0,1.4,9410.0
61,27,bj,S01bj,2016-02-16,07:15,43.1,212.0,11.5,9410.0
62,27,bj,S02bj,2016-02-16,07:15,10.9,95.0,6.8,9410.0
63,27,bj,S03bj,2016-02-16,07:15,10.9,59.0,5.4,9410.0
64,27,bj,S04bj,2016-02-16,07:15,8.7,57.0,4.5,9410.0
65,27,bj,S05bj,2016-02-16,07:15,9.1,68.0,4.5,9410.0
66,27,bj,S06bj,2016-02-16,07:15,7.3,68.0,4.2,9410.0
67,27,bj,S07bj,2016-02-16,07:15,8.7,62.0,4.5,9410.0
68,27,bj,S08bj,2016-02-16,07:15,5.9,72.0,5.2,9410.0
69,27,bj,S09bj,2016-02-16,07:15,4.3,67.0,7.1,9410.0
70,27,bj,S10bj,2016-02-16,07:15,3.4,66.0,8.6,9410.0
71,27,bj,S11bj,2016-02-16,07:15,3.0,69.0,9.8,9410.0
72,27,bj,S12bj,2016-02-16,07:15,3.8,77.0,10.1,9410.0
73,27,bj,S13bj,2016-02-16,07:15,3.4,81.0,9.7,9410.0
74,27,bj,S14bj,2016-02-16,07:15,2.3,83.0,8.0,9410.0
75,32,ci,DS03ci,2016-02-18,16:55,2.88,80.0,0.5,9950.0
76,32,ci,S01ci,2016-02-18,16:50,75.9,80.0,3.22,9950.0
77,32,ci,S02ci,2016-02-18,16:50,51.9,80.0,7.94,9950.0
78,32,ci,S03ci,2016-02-18,16:50,111.0,504.0,212.0,9950.0
79,32,ci,S04ci,2016-02-18,16:50,157.0,727.0,206.0,9950.0
80,32,ci,S05ci,2016-02-18,16:50,130.0,594.0,119.0,9950.0
81,32,ci,S06ci,2016-02-18,16:50,126.0,476.0,112.0,9950.0
82,32,ci,S07ci,2016-02-18,16:50,91.6,344.0,81.7,9950.0
83,32,ci,S08ci,2016-02-18,16:50,63.2,240.0,55.8,9950.0
84,32,ci,S09ci,2016-02-18,16:50,49.8,188.0,54.4,9950.0
85,32,ci,S10ci,2016-02-18,16:50,37.4,143.0,34.4,9950.0
86,32,ci,S11ci,2016-02-18,16:50,30.3,140.0,29.8,9950.0
87,32,ci,S12ci,2016-02-18,16:50,28.2,113.0,27.4,9950.0
88,32,ci,S13ci,2016-02-18,16:50,23.8,99.5,23.1,9950.0
89,32,ci,S14ci,2016-02-18,16:50,22.8,89.0,20.4,9950.0
90,37,ad,DS03ad,2016-02-08,13:15,7.9,100.0,0.5,9920.0
91,37,ad,S01ad,2016-02-08,13:07,97.0,100.0,0.5,9920.0
92,37,ad,S02ad,2016-02-08,13:07,200.0,100.0,2.8,9920.0
93,37,ad,S03ad,2016-02-08,13:07,240.0,100.0,3.9,9920.0
94,37,ad,S04ad,2016-02-08,13:07,120.0,100.0,3.0,9920.0
95,37,ad,S05ad,2016-02-08,13:07,79.0,100.0,2.1,9920.0
96,37,ad,S06ad,2016-02-08,13:07,61.0,100.0,1.5,9920.0
97,37,ad,S07ad,2016-02-08,13:07,54.0,100.0,1.3,9920.0
98,37,ad,S08ad,2016-02-08,13:07,38.0,100.0,1.2,9920.0
99,37,ad,S09ad,2016-02-08,13:07,34.0,100.0,0.88,9920.0
100,37,ad,S10ad,2016-02-08,13:07,31.0,100.0,0.82,9920.0
101,37,ad,S11ad,2016-02-08,13:07,31.0,100.0,0.64,9920.0
102,37,ad,S12ad,2016-02-08,13:07,22.0,100.0,0.62,9920.0
103,37,ad,S13ad,2016-02-08,13:07,17.0,100.0,0.5,9920.0
104,37,ad,S14ad,2016-02-08,13:07,16.0,100.0,0.54,9920.0
105,38,bg,DS03bg,2016-02-12,15:41,7.0,80.7,0.5,9800.0
106,38,bg,S01bg,2016-02-12,15:32,127.0,80.0,10.7,9800.0
107,38,bg,S02bg,2016-02-12,15:32,167.0,80.0,11.6,9800.0
108,38,bg,S03bg,2016-02-12,15:32,395.0,457.0,173.0,9800.0
109,38,bg,S04bg,2016-02-12,15:32,297.0,328.0,136.0,9800.0
110,38,bg,S05bg,2016-02-12,15:32,188.0,174.0,48.9,9800.0
111,38,bg,S06bg,2016-02-12,15:32,212.0,124.0,37.8,9800.0
112,38,bg,S07bg,2016-02-12,15:32,114.0,102.0,27.5,9800.0
113,38,bg,S08bg,2016-02-12,15:32,75.4,80.0,15.0,9800.0
114,38,bg,S09bg,2016-02-12,15:32,41.1,80.0,1.32,9800.0
115,38,bg,S10bg,2016-02-12,15:32,35.6,80.0,0.606,9800.0
116,38,bg,S11bg,2016-02-12,15:32,39.8,80.0,0.578,9800.0
117,38,bg,S12bg,2016-02-12,15:32,47.4,80.0,0.704,9800.0
118,38,bg,S13bg,2016-02-12,15:32,34.3,80.0,0.526,9800.0
119,38,bg,S14bg,2016-02-12,15:32,33.7,80.0,0.5,9800.0
120,41,aw,DS03aw,2016-02-11,07:20,10.3,248.0,0.725,9510.0
121,41,aw,S01aw,2016-02-11,07:08,74.6,127.0,2.62,9510.0
122,41,aw,S02aw,2016-02-11,07:08,144.0,131.0,5.44,9510.0
123,41,aw,S03aw,2016-02-11,07:08,109.0,279.0,12.9,9510.0
124,41,aw,S04aw,2016-02-11,07:08,75.1,209.0,6.52,9510.0
125,41,aw,S05aw,2016-02-11,07:08,61.7,178.0,3.89,9510.0
126,41,aw,S06aw,2016-02-11,07:08,47.3,159.0,2.2,9510.0
127,41,aw,S07aw,2016-02-11,07:08,45.4,158.0,1.87,9510.0
128,41,aw,S08aw,2016-02-11,07:08,41.4,164.0,1.58,9510.0
129,41,aw,S09aw,2016-02-11,07:08,27.5,209.0,1.4,9510.0
130,41,aw,S10aw,2016-02-11,07:08,19.1,232.0,1.49,9510.0
131,41,aw,S11aw,2016-02-11,07:08,16.9,242.0,1.37,9510.0
132,41,aw,S12aw,2016-02-11,07:08,16.9,235.0,1.36,9510.0
133,41,aw,S13aw,2016-02-11,07:08,14.9,226.0,1.13,9510.0
134,41,aw,S14aw,2016-02-11,07:08,14.6,229.0,1.1,9510.0
135,44,ac,DS03ac,2016-02-08,11:39,18.0,100.0,3.8,9630.0
136,44,ac,S01ac,2016-02-08,11:30,140.0,100.0,2.7,9630.0
137,44,ac,S02ac,2016-02-08,11:30,110.0,100.0,3.4,9630.0
138,44,ac,S03ac,2016-02-08,11:30,190.0,100.0,6.2,9630.0
139,44,ac,S04ac,2016-02-08,11:30,110.0,100.0,0.5,9630.0
140,44,ac,S05ac,2016-02-08,11:30,41.0,100.0,0.5,9630.0
141,44,ac,S06ac,2016-02-08,11:30,42.0,100.0,0.5,9630.0
142,44,ac,S07ac,2016-02-08,11:30,41.0,100.0,0.5,9630.0
143,44,ac,S08ac,2016-02-08,11:30,37.0,100.0,0.5,9630.0
144,44,ac,S09ac,2016-02-08,11:30,33.0,100.0,0.5,9630.0
145,44,ac,S10ac,2016-02-08,11:30,33.0,100.0,0.5,9630.0
146,44,ac,S11ac,2016-02-08,11:30,32.0,100.0,0.5,9630.0
147,44,ac,S12ac,2016-02-08,11:30,30.0,100.0,0.5,9630.0
148,44,ac,S13ac,2016-02-08,11:30,32.0,100.0,0.5,9630.0
149,44,ac,S14ac,2016-02-08,11:30,31.0,100.0,0.5,9630.0
150,45,y,DS03y,2016-02-07,08:17,5.62,147.0,0.5,9610.0
151,45,y,S01y,2016-02-07,08:09,34.1,80.0,0.5,9610.0
152,45,y,S02y,2016-02-07,08:09,13.5,80.0,0.5,9610.0
153,45,y,S03y,2016-02-07,08:09,32.4,80.0,0.5,9610.0
154,45,y,S04y,2016-02-07,08:09,35.8,80.0,0.5,9610.0
155,45,y,S05y,2016-02-07,08:09,34.9,80.0,0.5,9610.0
156,45,y,S06y,2016-02-07,08:09,29.8,80.0,0.5,9610.0
157,45,y,S07y,2016-02-07,08:09,26.7,80.0,0.5,9610.0
158,45,y,S08y,2016-02-07,08:09,23.6,80.0,0.5,9610.0
159,45,y,S09y,2016-02-07,08:09,23.2,84.4,0.5,9610.0
160,45,y,S10y,2016-02-07,08:09,20.8,90.9,0.5,9610.0
161,45,y,S11y,2016-02-07,08:09,20.7,265.0,0.5,9610.0
162,45,y,S12y,2016-02-07,08:09,15.7,366.0,0.5,9610.0
163,45,y,S13y,2016-02-07,08:09,7.47,168.0,0.5,9610.0
164,45,y,S14y,2016-02-07,08:09,6.7,159.0,0.5,9610.0
165,49,bs,DS03bs,2016-02-16,10:23,3.1,50.0,2.1,9650.0
166,49,bs,S01bs,2016-02-16,10:07,72.4,50.0,1.1,9650.0
167,49,bs,S02bs,2016-02-16,10:07,64.1,111.0,2.9,9650.0
168,49,bs,S03bs,2016-02-16,10:07,23.6,105.0,13.0,9650.0
169,49,bs,S04bs,2016-02-16,10:07,35.0,58.0,2.7,9650.0
170,49,bs,S05bs,2016-02-16,10:07,177.0,722.0,133.0,9650.0
171,49,bs,S06bs,2016-02-16,10:07,122.0,679.0,133.0,9650.0
172,49,bs,S07bs,2016-02-16,10:07,24.0,294.0,47.5,9650.0
173,49,bs,S08bs,2016-02-16,10:07,11.1,136.0,29.9,9650.0
174,49,bs,S09bs,2016-02-16,10:07,7.8,128.0,15.7,9650.0
175,49,bs,S10bs,2016-02-16,10:07,7.2,115.0,16.0,9650.0
176,49,bs,S11bs,2016-02-16,10:07,7.2,222.0,172.0,9650.0
177,49,bs,S12bs,2016-02-16,10:07,10.4,691.0,693.0,9650.0
178,49,bs,S13bs,2016-02-16,10:07,7.3,357.0,327.0,9650.0
179,49,bs,S14bs,2016-02-16,10:07,6.5,207.0,190.0,9650.0
180,54,ai,DS01ai,2016-02-09,14:55,3.5,1100.0,0.72,9800.0
181,54,ai,S01ai,2016-02-09,14:49,72.0,200.0,8.3,9800.0
182,54,ai,S02ai,2016-02-09,14:49,48.0,260.0,6.5,9800.0
183,54,ai,S03ai,2016-02-09,14:49,19.0,180.0,5.1,9800.0
184,54,ai,S04ai,2016-02-09,14:49,25.0,190.0,5.6,9800.0
185,54,ai,S05ai,2016-02-09,14:49,27.0,150.0,4.6,9800.0
186,54,ai,S06ai,2016-02-09,14:49,27.0,150.0,4.3,9800.0
187,54,ai,S07ai,2016-02-09,14:49,26.0,180.0,4.7,9800.0
188,54,ai,S08ai,2016-02-09,14:49,25.0,220.0,5.1,9800.0
189,54,ai,S09ai,2016-02-09,14:49,23.0,640.0,15.0,9800.0
190,54,ai,S10ai,2016-02-09,14:49,20.0,3600.0,56.0,9800.0
191,54,ai,S11ai,2016-02-09,14:49,18.0,9100.0,79.0,9800.0
192,54,ai,S12ai,2016-02-09,14:49,14.0,6000.0,37.0,9800.0
193,54,ai,S13ai,2016-02-09,14:49,11.0,1400.0,4.8,9800.0
194,54,ai,S14ai,2016-02-09,14:49,10.0,990.0,1.5,9800.0
195,61,bf,DS03bf,2016-02-13,09:15,3.1,80.0,1.69,9300.0
196,61,bf,S010bf,2016-02-13,09:07,5.25,80.0,6.44,9300.0
197,61,bf,S011bf,2016-02-13,09:07,5.05,106.0,6.89,9300.0
198,61,bf,S012bf,2016-02-13,09:07,4.63,102.0,5.36,9300.0
199,61,bf,S013bf,2016-02-13,09:07,4.34,80.0,2.37,9300.0
200,61,bf,S014bf,2016-02-13,09:07,4.34,80.0,2.15,9300.0
201,61,bf,S01bf,2016-02-13,09:07,114.0,80.0,4.24,9300.0
202,61,bf,S02bf,2016-02-13,09:07,210.0,80.0,7.1,9300.0
203,61,bf,S03bf,2016-02-13,09:07,70.2,80.0,6.74,9300.0
204,61,bf,S04bf,2016-02-13,09:07,22.4,80.0,4.7,9300.0
205,61,bf,S05bf,2016-02-13,09:07,14.9,80.0,5.3,9300.0
206,61,bf,S06bf,2016-02-13,09:07,9.49,80.0,3.28,9300.0
207,61,bf,S07bf,2016-02-13,09:07,7.51,80.0,3.58,9300.0
208,61,bf,S08bf,2016-02-13,09:07,6.25,80.0,4.15,9300.0
209,61,bf,S09bf,2016-02-13,09:07,5.8,80.0,4.78,9300.0
210,62,ah,DS03ah,2016-02-09,10:24,7.7,570.0,1.6,10300.0
211,62,ah,S01ah,2016-02-09,10:15,240.0,140.0,72.0,10300.0
212,62,ah,S02ah,2016-02-09,10:15,220.0,100.0,8.0,10300.0
213,62,ah,S03ah,2016-02-09,10:15,200.0,180.0,16.0,10300.0
214,62,ah,S04ah,2016-02-09,10:15,140.0,150.0,8.0,10300.0
215,62,ah,S05ah,2016-02-09,10:15,72.0,110.0,5.2,10300.0
216,62,ah,S06ah,2016-02-09,10:15,63.0,100.0,5.3,10300.0
217,62,ah,S07ah,2016-02-09,10:15,49.0,100.0,4.9,10300.0
218,62,ah,S08ah,2016-02-09,10:15,23.0,100.0,4.4,10300.0
219,62,ah,S09ah,2016-02-09,10:15,15.0,100.0,3.8,10300.0
220,62,ah,S10ah,2016-02-09,10:15,15.0,100.0,5.2,10300.0
221,62,ah,S11ah,2016-02-09,10:15,15.0,100.0,11.0,10300.0
222,62,ah,S12ah,2016-02-09,10:15,11.0,100.0,14.0,10300.0
223,62,ah,S13ah,2016-02-09,10:15,10.0,100.0,15.0,10300.0
224,62,ah,S14ah,2016-02-09,10:15,10.0,220.0,10.0,10300.0
225,63,cc,DS03cc,2016-02-18,07:18,2.0,80.0,1.0,9580.0
226,63,cc,S01cc,2016-02-18,07:13,162.0,80.0,5.61,9580.0
227,63,cc,S02cc,2016-02-18,07:13,104.0,92.0,14.0,9580.0
228,63,cc,S03cc,2016-02-18,07:13,34.0,304.0,20.6,9580.0
229,63,cc,S04cc,2016-02-18,07:13,31.2,320.0,25.1,9580.0
230,63,cc,S05cc,2016-02-18,07:13,19.0,194.0,17.0,9580.0
231,63,cc,S06cc,2016-02-18,07:13,17.0,168.0,14.9,9580.0
232,63,cc,S07cc,2016-02-18,07:13,14.8,180.0,14.4,9580.0
233,63,cc,S08cc,2016-02-18,07:13,13.1,164.0,13.3,9580.0
234,63,cc,S09cc,2016-02-18,07:13,12.3,148.0,14.2,9580.0
235,63,cc,S10cc,2016-02-18,07:13,12.7,137.0,12.9,9580.0
236,63,cc,S11cc,2016-02-18,07:13,13.2,124.0,14.1,9580.0
237,63,cc,S12cc,2016-02-18,07:13,14.9,125.0,13.9,9580.0
238,63,cc,S13cc,2016-02-18,07:13,16.3,190.0,13.0,9580.0
239,63,cc,S14cc,2016-02-18,07:13,13.2,156.0,9.84,9580.0
240,74,b,DS03b,2016-01-28,15:45,8.42,80.0,0.5,8960.0
241,74,b,S01b,2016-01-28,15:33,190.0,80.0,1.41,8960.0
242,74,b,S02b,2016-01-28,15:33,493.0,80.0,0.923,8960.0
243,74,b,S03b,2016-01-28,15:33,310.0,80.0,1.47,8960.0
244,74,b,S04b,2016-01-28,15:33,222.0,80.0,1.97,8960.0
245,74,b,S05b,2016-01-28,15:33,165.0,81.1,2.68,8960.0
246,74,b,S06b,2016-01-28,15:33,45.0,181.0,1.69,8960.0
247,74,b,S07b,2016-01-28,15:33,17.7,150.0,0.964,8960.0
248,74,b,S08b,2016-01-28,15:33,16.2,251.0,1.04,8960.0
249,74,b,S09b,2016-01-28,15:33,17.8,189.0,2.39,8960.0
250,74,b,S10b,2016-01-28,15:33,25.3,94.6,7.1,8960.0
251,74,b,S11b,2016-01-28,15:33,16.0,80.0,4.7,8960.0
252,74,b,S12b,2016-01-28,15:33,12.8,80.0,1.08,8960.0
253,74,b,S13b,2016-01-28,15:33,11.8,80.0,0.514,8960.0
254,74,b,S14b,2016-01-28,15:33,10.8,80.0,0.5,8960.0
255,79,u,DS03u,2016-02-05,15:20,8.83,80.0,4.62,10200.0
256,79,u,S01u,2016-02-05,15:10,123.0,80.0,28.0,10200.0
257,79,u,S02u,2016-02-05,15:10,106.0,80.0,10.0,10200.0
258,79,u,S03u,2016-02-05,15:10,103.0,157.0,56.2,10200.0
259,79,u,S04u,2016-02-05,15:10,116.0,133.0,44.7,10200.0
260,79,u,S05u,2016-02-05,15:10,149.0,143.0,48.4,10200.0
261,79,u,S06u,2016-02-05,15:10,171.0,195.0,79.4,10200.0
262,79,u,S07u,2016-02-05,15:10,127.0,124.0,75.1,10200.0
263,79,u,S08u,2016-02-05,15:10,58.4,87.3,38.4,10200.0
264,79,u,S09u,2016-02-05,15:10,40.7,80.0,29.6,10200.0
265,79,u,S10u,2016-02-05,15:10,33.1,80.0,25.9,10200.0
266,79,u,S11u,2016-02-05,15:10,25.9,80.0,25.0,10200.0
267,79,u,S12u,2016-02-05,15:10,21.1,80.0,22.3,10200.0
268,79,u,S13u,2016-02-05,15:10,19.2,80.0,21.3,10200.0
269,79,u,S14u,2016-02-05,15:10,17.5,80.0,21.0,10200.0
270,80,f,DS03f,2016-01-30,10:34,106.0,80.0,3.0,8780.0
271,80,f,S01f,2016-01-30,10:12,134.0,111.0,12.4,8780.0
272,80,f,S02f,2016-01-30,10:12,119.0,80.0,7.85,8780.0
273,80,f,S03f,2016-01-30,10:12,87.2,385.0,17.3,8780.0
274,80,f,S04f,2016-01-30,10:12,58.1,152.0,12.6,8780.0
275,80,f,S05f,2016-01-30,10:12,44.0,111.0,10.4,8780.0
276,80,f,S06f,2016-01-30,10:12,39.6,81.8,8.89,8780.0
277,80,f,S07f,2016-01-30,10:12,57.9,80.0,8.41,8780.0
278,80,f,S08f,2016-01-30,10:12,36.2,80.0,8.25,8780.0
279,80,f,S09f,2016-01-30,10:12,42.9,80.0,8.1,8780.0
280,80,f,S10f,2016-01-30,10:12,47.4,80.0,8.12,8780.0
281,80,f,S11f,2016-01-30,10:12,39.8,80.0,7.87,8780.0
282,80,f,S12f,2016-01-30,10:12,43.5,80.0,8.09,8780.0
283,80,f,S13f,2016-01-30,10:12,50.2,80.0,9.36,8780.0
284,80,f,S14f,2016-01-30,10:21,52.1,80.0,9.62,8780.0
285,81,d,S01d,2016-01-28,18:35,47.2,80.0,1.19,9820.0
286,81,d,S02d,2016-01-28,18:35,56.4,80.0,11.0,9820.0
287,81,d,S03d,2016-01-28,18:35,39.7,80.0,5.77,9820.0
288,81,d,S04d,2016-01-28,18:35,26.9,80.0,4.78,9820.0
289,81,d,S05d,2016-01-28,18:35,16.0,80.0,4.0,9820.0
290,81,d,S06d,2016-01-28,18:35,12.8,80.0,2.45,9820.0
291,81,d,S07d,2016-01-28,18:35,11.6,80.0,1.81,9820.0
292,81,d,S08d,2016-01-28,18:35,10.1,80.0,1.71,9820.0
293,81,d,S09d,2016-01-28,18:35,10.5,80.0,1.74,9820.0
294,81,d,S10d,2016-01-28,18:35,12.8,149.0,1.54,9820.0
295,81,d,S11d,2016-01-28,18:35,22.3,571.0,1.76,9820.0
296,81,d,S12d,2016-01-28,18:35,32.6,1110.0,1.72,9820.0
297,81,d,S13d,2016-01-28,18:35,17.5,645.0,2.39,9820.0
298,81,d,S14d,2016-01-28,18:39,12.2,185.0,1.4,9820.0
299,81,d,DS03d,2016-01-28,18:45,6.01,80.0,0.692,9820.0
300,83,v,DS03v,2016-02-05,13:23,8.45,112.0,1.44,9380.0
301,83,v,S01v,2016-02-05,13:13,137.0,150.0,1.23,9380.0
302,83,v,S02v,2016-02-05,13:13,205.0,106.0,2.23,9380.0
303,83,v,S03v,2016-02-05,13:13,208.0,161.0,1.77,9380.0
304,83,v,S04v,2016-02-05,13:13,179.0,223.0,0.715,9380.0
305,83,v,S05v,2016-02-05,13:13,63.3,252.0,0.647,9380.0
306,83,v,S06v,2016-02-05,13:13,111.0,201.0,9.07,9380.0
307,83,v,S07v,2016-02-05,13:13,152.0,261.0,13.4,9380.0
308,83,v,S08v,2016-02-05,13:13,59.2,180.0,6.07,9380.0
309,83,v,S09v,2016-02-05,13:13,21.2,125.0,3.24,9380.0
310,83,v,S10v,2016-02-05,13:13,18.9,117.0,3.39,9380.0
311,83,v,S11v,2016-02-05,13:13,22.0,121.0,2.86,9380.0
312,83,v,S12v,2016-02-05,13:13,16.4,116.0,3.19,9380.0
313,83,v,S13v,2016-02-05,13:13,14.2,125.0,2.21,9380.0
314,83,v,S14v,2016-02-05,13:13,13.1,128.0,2.18,9380.0
315,84,bb,DS03bb,2016-02-12,09:35,5.98,258.0,0.5,9340.0
316,84,bb,S01bb,2016-02-12,09:23,221.0,183.0,2.04,9340.0
317,84,bb,S02bb,2016-02-12,09:23,308.0,149.0,1.97,9340.0
318,84,bb,S03bb,2016-02-12,09:23,1120.0,3380.0,110.0,9340.0
319,84,bb,S04bb,2016-02-12,09:23,961.0,3260.0,77.4,9340.0
320,84,bb,S05bb,2016-02-12,09:23,415.0,1400.0,29.6,9340.0
321,84,bb,S06bb,2016-02-12,09:23,246.0,839.0,16.4,9340.0
322,84,bb,S07bb,2016-02-12,09:23,163.0,627.0,15.7,9340.0
323,84,bb,S08bb,2016-02-12,09:23,139.0,517.0,9.12,9340.0
324,84,bb,S09bb,2016-02-12,09:23,181.0,499.0,8.54,9340.0
325,84,bb,S10bb,2016-02-12,09:23,117.0,392.0,6.81,9340.0
326,84,bb,S11bb,2016-02-12,09:23,83.5,345.0,5.4,9340.0
327,84,bb,S12bb,2016-02-12,09:23,73.4,450.0,5.71,9340.0
328,84,bb,S13bb,2016-02-12,09:23,69.1,428.0,7.2,9340.0
329,84,bb,S14bb,2016-02-12,09:23,69.7,426.0,4.56,9340.0
330,86,h,DS03h,2016-02-01,09:42,8.02,214.0,0.5,9500.0
331,86,h,S01h,2016-02-01,09:23,88.6,80.0,0.725,9500.0
332,86,h,S02h,2016-02-01,09:23,82.4,80.0,2.77,9500.0
333,86,h,S03h,2016-02-01,09:23,91.2,89.5,2.97,9500.0
334,86,h,S04h,2016-02-01,09:23,62.1,80.7,1.63,9500.0
335,86,h,S05h,2016-02-01,09:23,35.8,80.0,1.3,9500.0
336,86,h,S06h,2016-02-01,09:23,26.8,80.0,0.907,9500.0
337,86,h,S07h,2016-02-01,09:23,24.1,80.0,0.76,9500.0
338,86,h,S08h,2016-02-01,09:23,23.2,80.0,0.713,9500.0
339,86,h,S09h,2016-02-01,09:23,22.9,80.0,0.717,9500.0
340,86,h,S10h,2016-02-01,09:23,18.3,80.0,0.601,9500.0
341,86,h,S11h,2016-02-01,09:23,16.0,80.0,0.563,9500.0
342,86,h,S12h,2016-02-01,09:23,12.4,159.0,0.558,9500.0
343,86,h,S13h,2016-02-01,09:23,10.3,194.0,0.535,9500.0
344,86,h,S14h,2016-02-01,09:23,10.4,181.0,0.641,9500.0
345,88,ct,DS03ct,2016-02-20,07:20,1.0,80.0,0.581,9490.0
346,88,ct,S01ct,2016-02-20,07:14,40.1,80.0,2.09,9490.0
347,88,ct,S02ct,2016-02-20,07:14,3.62,119.0,2.21,9490.0
348,88,ct,S03ct,2016-02-20,07:14,10.6,146.0,9.95,9490.0
349,88,ct,S04ct,2016-02-20,07:14,6.86,268.0,20.3,9490.0
350,88,ct,S05ct,2016-02-20,07:14,4.82,140.0,12.2,9490.0
351,88,ct,S06ct,2016-02-20,07:14,2.32,86.7,5.87,9490.0
352,88,ct,S07ct,2016-02-20,07:14,4.2,91.0,7.2,9490.0
353,88,ct,S08ct,2016-02-20,07:14,1.72,80.0,3.77,9490.0
354,88,ct,S09ct,2016-02-20,07:14,2.06,80.0,3.13,9490.0
355,88,ct,S10ct,2016-02-20,07:14,1.45,97.3,2.86,9490.0
356,88,ct,S11ct,2016-02-20,07:14,1.78,80.0,2.5,9490.0
357,88,ct,S12ct,2016-02-20,07:14,1.25,80.0,1.88,9490.0
358,88,ct,S13ct,2016-02-20,07:14,1.14,80.0,1.88,9490.0
359,88,ct,S14ct,2016-02-20,07:14,1.64,80.0,2.24,9490.0
360,90,bk,S01bk,2016-02-16,08:12,66.5,83.0,1.2,9310.0
361,90,bk,S02bk,2016-02-16,08:12,50.1,50.0,0.37,9310.0
362,90,bk,S03bk,2016-02-16,08:12,28.2,50.0,0.55,9310.0
363,90,bk,S04bk,2016-02-16,08:12,13.5,50.0,0.35,9310.0
364,90,bk,S05bk,2016-02-16,08:12,10.1,50.0,0.35,9310.0
365,90,bk,S06bk,2016-02-16,08:12,7.8,50.0,0.35,9310.0
366,90,bk,S07bk,2016-02-16,08:12,7.6,50.0,0.35,9310.0
367,90,bk,S08bk,2016-02-16,08:12,7.1,50.0,0.35,9310.0
368,90,bk,S09bk,2016-02-16,08:12,6.0,50.0,0.35,9310.0
369,90,bk,S10bk,2016-02-16,08:12,4.6,50.0,0.35,9310.0
370,90,bk,S11bk,2016-02-16,08:12,4.3,50.0,0.35,9310.0
371,90,bk,S12bk,2016-02-16,08:12,5.6,50.0,0.35,9310.0
372,90,bk,S13bk,2016-02-16,08:12,4.1,50.0,0.35,9310.0
373,90,bk,S14bk,2016-02-16,08:12,4.3,50.0,0.35,9310.0
374,90,bk,DS02bk,2016-02-16,08:19,3.5,50.0,0.35,9310.0
375,91,by,DS03by,2016-02-17,15:59,1.97,80.0,0.5,9740.0
376,91,by,S01by,2016-02-17,15:50,70.3,80.0,6.05,9740.0
377,91,by,S02by,2016-02-17,15:50,71.8,80.0,45.6,9740.0
378,91,by,S03by,2016-02-17,15:50,24.9,80.0,5.65,9740.0
379,91,by,S04by,2016-02-17,15:50,13.8,80.0,1.18,9740.0
380,91,by,S05by,2016-02-17,15:50,11.4,80.0,0.898,9740.0
381,91,by,S06by,2016-02-17,15:50,9.56,80.0,0.747,9740.0
382,91,by,S07by,2016-02-17,15:50,9.99,80.0,0.763,9740.0
383,91,by,S09by,2016-02-17,15:50,7.57,80.0,0.572,9740.0
384,91,by,S08by,2016-02-17,15:50,8.88,80.0,0.644,9740.0
385,91,by,S10by,2016-02-17,15:50,6.35,80.0,0.532,9740.0
386,91,by,S11by,2016-02-17,15:50,5.01,80.0,0.517,9740.0
387,91,by,S12by,2016-02-17,15:50,3.35,80.0,0.578,9740.0
388,91,by,S13by,2016-02-17,15:50,2.95,80.0,0.5,9740.0
389,91,by,S14by,2016-02-17,15:50,2.88,80.0,0.5,9740.0
390,95,aj,DS03aj,2016-02-10,09:16,16.4,224.0,1.02,10200.0
391,95,aj,S01aj,2016-02-10,09:09,155.0,140.0,5.21,10200.0
392,95,aj,S02aj,2016-02-10,09:09,176.0,165.0,21.5,10200.0
393,95,aj,S03aj,2016-02-10,09:09,181.0,524.0,60.9,10200.0
394,95,aj,S04aj,2016-02-10,09:09,78.6,304.0,14.8,10200.0
395,95,aj,S05aj,2016-02-10,09:09,76.7,288.0,15.7,10200.0
396,95,aj,S06aj,2016-02-10,09:09,72.2,283.0,15.7,10200.0
397,95,aj,S07aj,2016-02-10,09:09,63.1,275.0,11.1,10200.0
398,95,aj,S08aj,2016-02-10,09:09,57.6,262.0,9.81,10200.0
399,95,aj,S09aj,2016-02-10,09:09,48.4,250.0,8.1,10200.0
400,95,aj,S10aj,2016-02-10,09:09,46.1,247.0,6.19,10200.0
401,95,aj,S11aj,2016-02-10,09:09,48.0,259.0,7.62,10200.0
402,95,aj,S12aj,2016-02-10,09:09,46.0,254.0,6.54,10200.0
403,95,aj,S13aj,2016-02-10,09:09,43.2,251.0,4.22,10200.0
404,95,aj,S14aj,2016-02-10,09:09,29.3,255.0,3.69,10200.0
405,97,p,DS03p,2016-02-03,09:23,11.1,80.0,0.558,9620.0
406,97,p,S01p,2016-02-03,09:15,99.0,80.0,1.2,9620.0
407,97,p,S02p,2016-02-03,09:15,48.9,80.0,1.23,9620.0
408,97,p,S03p,2016-02-03,09:15,41.7,80.0,1.83,9620.0
409,97,p,S04p,2016-02-03,09:15,41.1,80.0,2.17,9620.0
410,97,p,S05p,2016-02-03,09:15,15.0,80.0,1.48,9620.0
411,97,p,S06p,2016-02-03,09:15,6.73,80.0,1.49,9620.0
412,97,p,S07p,2016-02-03,09:15,5.94,80.0,1.49,9620.0
413,97,p,S08p,2016-02-03,09:15,5.66,80.0,1.61,9620.0
414,97,p,S09p,2016-02-03,09:15,5.45,80.0,4.24,9620.0
415,97,p,S10p,2016-02-03,09:15,5.08,80.0,6.5,9620.0
416,97,p,S11p,2016-02-03,09:15,4.94,80.0,3.63,9620.0
417,97,p,S12p,2016-02-03,09:15,4.27,80.0,1.14,9620.0
418,97,p,S13p,2016-02-03,09:15,4.19,80.0,0.691,9620.0
419,97,p,S14p,2016-02-03,09:18,4.38,80.0,0.7,9620.0
420,99,bd,DS03bd,2016-02-12,10:51,12.2,94.9,0.5,9480.0
421,99,bd,S01bd,2016-02-12,10:41,82.9,110.0,1.05,9480.0
422,99,bd,S02bd,2016-02-12,10:41,60.1,115.0,0.604,9480.0
423,99,bd,S03bd,2016-02-12,10:41,59.9,105.0,0.582,9480.0
424,99,bd,S04bd,2016-02-12,10:41,101.0,96.2,0.5,9480.0
425,99,bd,S05bd,2016-02-12,10:41,97.4,97.2,0.5,9480.0
426,99,bd,S06bd,2016-02-12,10:41,64.5,98.9,0.5,9480.0
427,99,bd,S07bd,2016-02-12,10:41,50.6,94.5,0.5,9480.0
428,99,bd,S08bd,2016-02-12,10:41,34.4,95.8,0.5,9480.0
429,99,bd,S09bd,2016-02-12,10:41,36.0,93.8,0.5,9480.0
430,99,bd,S10bd,2016-02-12,10:41,33.9,130.0,0.5,9480.0
431,99,bd,S11bd,2016-02-12,10:41,23.1,97.7,0.5,9480.0
432,99,bd,S12bd,2016-02-12,10:41,16.4,93.2,0.5,9480.0
433,99,bd,S13bd,2016-02-12,10:41,15.3,86.6,0.5,9480.0
434,99,bd,S14bd,2016-02-12,10:41,13.6,95.0,0.5,9480.0
435,105,bc,DS03bc,2016-02-12,07:30,37.4,80.0,0.697,10500.0
436,105,bc,S01bc,2016-02-12,07:25,143.0,80.0,2.45,10500.0
437,105,bc,S02bc,2016-02-12,07:25,161.0,125.0,4.32,10500.0
438,105,bc,S03bc,2016-02-12,07:25,37.0,80.0,1.56,10500.0
439,105,bc,S04bc,2016-02-12,07:25,30.9,80.0,2.1,10500.0
440,105,bc,S05bc,2016-02-12,07:25,30.8,80.0,1.28,10500.0
441,105,bc,S06bc,2016-02-12,07:25,22.6,98.1,1.13,10500.0
442,105,bc,S07bc,2016-02-12,07:25,20.9,257.0,0.937,10500.0
443,105,bc,S08bc,2016-02-12,07:25,31.1,643.0,1.37,10500.0
444,105,bc,S09bc,2016-02-12,07:25,32.9,193.0,2.21,10500.0
445,105,bc,S10bc,2016-02-12,07:25,19.2,260.0,2.19,10500.0
446,105,bc,S11bc,2016-02-12,07:25,39.4,133.0,2.16,10500.0
447,105,bc,S12bc,2016-02-12,07:25,37.2,80.0,0.968,10500.0
448,105,bc,S13bc,2016-02-12,07:25,34.9,80.0,0.647,10500.0
449,105,bc,S14bc,2016-02-12,07:25,35.8,80.0,0.5,10500.0
450,107,ag,DS03ag,2016-02-09,07:15,40.0,240.0,5.1,9710.0
451,107,ag,S01ag,2016-02-09,07:05,460.0,100.0,12.0,9710.0
452,107,ag,S02ag,2016-02-09,07:05,560.0,100.0,11.0,9710.0
453,107,ag,S03ag,2016-02-09,07:05,520.0,100.0,20.0,9710.0
454,107,ag,S04ag,2016-02-09,07:05,420.0,100.0,19.0,9710.0
455,107,ag,S05ag,2016-02-09,07:05,370.0,100.0,16.0,9710.0
456,107,ag,S06ag,2016-02-09,07:05,340.0,100.0,22.0,9710.0
457,107,ag,S07ag,2016-02-09,07:05,390.0,150.0,45.0,9710.0
458,107,ag,S08ag,2016-02-09,07:05,320.0,100.0,22.0,9710.0
459,107,ag,S09ag,2016-02-09,07:05,290.0,100.0,19.0,9710.0
460,107,ag,S10ag,2016-02-09,07:05,270.0,100.0,17.0,9710.0
461,107,ag,S11ag,2016-02-09,07:05,310.0,150.0,41.0,9710.0
462,107,ag,S12ag,2016-02-09,07:05,310.0,210.0,59.0,9710.0
463,107,ag,S13ag,2016-02-09,07:05,280.0,220.0,67.0,9710.0
464,107,ag,S14ag,2016-02-09,07:05,260.0,180.0,61.0,9710.0
465,109,z,DS03z,2016-02-08,08:17,5.1,100.0,0.5,9440.0
466,109,z,S01z,2016-02-08,08:06,150.0,100.0,1.4,9440.0
467,109,z,S02z,2016-02-08,08:06,130.0,100.0,6.5,9440.0
468,109,z,S03z,2016-02-08,08:06,63.0,100.0,3.8,9440.0
469,109,z,S04z,2016-02-08,08:06,66.0,100.0,2.7,9440.0
470,109,z,S05z,2016-02-08,08:06,62.0,100.0,2.7,9440.0
471,109,z,S06z,2016-02-08,08:06,52.0,100.0,2.1,9440.0
472,109,z,S07z,2016-02-08,08:06,41.0,100.0,1.6,9440.0
473,109,z,S08z,2016-02-08,08:06,31.0,100.0,1.4,9440.0
474,109,z,S09z,2016-02-08,08:06,13.0,100.0,1.4,9440.0
475,109,z,S10z,2016-02-08,08:06,8.2,100.0,1.3,9440.0
476,109,z,S11z,2016-02-08,08:06,8.2,100.0,1.6,9440.0
477,109,z,S12z,2016-02-08,08:06,7.9,100.0,3.5,9440.0
478,109,z,S13z,2016-02-08,08:06,6.5,100.0,2.6,9440.0
479,109,z,S14z,2016-02-08,08:06,6.1,100.0,1.0,9440.0
480,111,cg,DS03cg,2016-02-18,14:22,20.1,80.0,0.5,9580.0
481,111,cg,S01cg,2016-02-18,14:17,272.0,80.0,0.5,9580.0
482,111,cg,S02cg,2016-02-18,14:17,334.0,80.0,0.5,9580.0
483,111,cg,S03cg,2016-02-18,14:17,401.0,229.0,0.84,9580.0
484,111,cg,S04cg,2016-02-18,14:17,372.0,134.0,0.5,9580.0
485,111,cg,S05cg,2016-02-18,14:17,166.0,114.0,0.5,9580.0
486,111,cg,S06cg,2016-02-18,14:17,158.0,111.0,0.5,9580.0
487,111,cg,S07cg,2016-02-18,14:17,147.0,101.0,0.5,9580.0
488,111,cg,S08cg,2016-02-18,14:17,109.0,81.0,0.5,9580.0
489,111,cg,S09cg,2016-02-18,14:17,76.4,80.0,0.5,9580.0
490,111,cg,S10cg,2016-02-18,14:17,64.6,80.0,0.5,9580.0
491,111,cg,S11cg,2016-02-18,14:17,60.4,80.0,0.5,9580.0
492,111,cg,S12cg,2016-02-18,14:17,52.8,80.0,0.5,9580.0
493,111,cg,S13cg,2016-02-18,14:17,52.8,80.0,0.5,9580.0
494,111,cg,S14cg,2016-02-18,14:17,46.6,80.0,0.5,9580.0
495,113,af,DS03af,2016-02-09,16:42,6.1,120.0,2.2,9420.0
496,113,af,S01af,2016-02-09,16:29,390.0,1400.0,5.4,9420.0
497,113,af,S02af,2016-02-09,16:29,45.0,180.0,0.61,9420.0
498,113,af,S03af,2016-02-09,16:29,910.0,5000.0,68.0,9420.0
499,113,af,S04af,2016-02-09,16:29,170.0,1300.0,41.0,9420.0
500,113,af,S05af,2016-02-09,16:29,73.0,580.0,8.7,9420.0
501,113,af,S06af,2016-02-09,16:29,51.0,630.0,4.7,9420.0
502,113,af,S07af,2016-02-09,16:29,37.0,870.0,3.4,9420.0
503,113,af,S08af,2016-02-09,16:29,31.0,670.0,2.6,9420.0
504,113,af,S09af,2016-02-09,16:29,27.0,650.0,2.0,9420.0
505,113,af,S10af,2016-02-09,16:29,22.0,250.0,1.5,9420.0
506,113,af,S11af,2016-02-09,16:29,22.0,210.0,3.5,9420.0
507,113,af,S12af,2016-02-09,16:29,17.0,180.0,2.4,9420.0
508,113,af,S13af,2016-02-09,16:29,16.0,180.0,1.1,9420.0
509,113,af,S14af,2016-02-09,16:29,14.0,170.0,1.3,9420.0
510,114,a,DS03a,2016-01-28,09:20,1.57,81.0,6.27,8530.0
511,114,a,S01a,2016-01-28,09:15,103.0,84.4,4.45,8530.0
512,114,a,S02a,2016-01-28,09:15,56.0,80.0,2.74,8530.0
513,114,a,S03a,2016-01-28,09:15,18.9,270.0,22.5,8530.0
514,114,a,S04a,2016-01-28,09:15,10.8,628.0,70.4,8530.0
515,114,a,S05a,2016-01-28,09:15,10.4,778.0,60.2,8530.0
516,114,a,S06a,2016-01-28,09:15,8.32,429.0,34.2,8530.0
517,114,a,S07a,2016-01-28,09:15,5.08,315.0,26.4,8530.0
518,114,a,S08a,2016-01-28,09:15,4.34,228.0,20.7,8530.0
519,114,a,S09a,2016-01-28,09:15,3.77,197.0,19.1,8530.0
520,114,a,S10a,2016-01-28,09:15,3.55,184.0,15.1,8530.0
521,114,a,S11a,2016-01-28,09:15,2.59,171.0,11.9,8530.0
522,114,a,S12a,2016-01-28,09:15,2.96,141.0,10.4,8530.0
523,114,a,S13a,2016-01-28,09:15,2.88,136.0,11.7,8530.0
524,114,a,S14a,2016-01-28,09:17,2.55,134.0,11.1,8530.0
525,117,ce,DS03ce,2016-02-18,08:25,3.68,80.0,0.5,9540.0
526,117,ce,S01ce,2016-02-18,08:16,24.6,80.0,0.5,9540.0
527,117,ce,S02ce,2016-02-18,08:16,12.0,80.0,0.5,9540.0
528,117,ce,S03ce,2016-02-18,08:16,4.69,80.0,0.5,9540.0
529,117,ce,S04ce,2016-02-18,08:16,4.04,80.0,0.5,9540.0
530,117,ce,S05ce,2016-02-18,08:16,4.33,80.0,0.5,9540.0
531,117,ce,S06ce,2016-02-18,08:16,4.81,80.0,0.5,9540.0
532,117,ce,S07ce,2016-02-18,08:16,4.8,80.0,0.5,9540.0
533,117,ce,S08ce,2016-02-18,08:16,4.48,80.0,0.5,9540.0
534,117,ce,S09ce,2016-02-18,08:16,4.28,80.0,0.5,9540.0
535,117,ce,S10ce,2016-02-18,08:16,4.11,80.0,0.5,9540.0
536,117,ce,S11ce,2016-02-18,08:16,3.78,80.0,0.5,9540.0
537,117,ce,S12ce,2016-02-18,08:16,3.57,80.0,0.5,9540.0
538,117,ce,S13ce,2016-02-18,08:16,3.26,80.0,0.5,9540.0
539,117,ce,S14ce,2016-02-18,08:16,3.19,80.0,0.5,9540.0
540,118,n,DS03n,2016-02-03,08:05,5.19,80.0,1.41,9560.0
541,118,n,S01n,2016-02-03,08:00,98.7,80.0,19.1,9560.0
542,118,n,S02n,2016-02-03,08:00,61.9,80.0,4.75,9560.0
543,118,n,S03n,2016-02-03,08:00,97.0,80.0,11.2,9560.0
544,118,n,S04n,2016-02-03,08:00,40.1,80.0,4.94,9560.0
545,118,n,S05n,2016-02-03,08:00,37.1,169.0,4.58,9560.0
546,118,n,S06n,2016-02-03,08:00,24.6,85.2,3.46,9560.0
547,118,n,S07n,2016-02-03,08:00,20.1,80.0,2.92,9560.0
548,118,n,S08n,2016-02-03,08:00,17.9,80.0,2.77,9560.0
549,118,n,S09n,2016-02-03,08:00,16.5,80.0,2.57,9560.0
550,118,n,S10n,2016-02-03,08:00,10.8,80.0,2.43,9560.0
551,118,n,S11n,2016-02-03,08:00,6.8,80.0,2.31,9560.0
552,118,n,S12n,2016-02-03,08:00,6.18,80.0,2.22,9560.0
553,118,n,S13n,2016-02-03,08:00,5.91,80.0,2.08,9560.0
554,118,n,S14n,2016-02-03,08:00,5.72,80.0,2.07,9560.0
555,122,t,DS03t,2016-02-05,09:52,5.05,80.0,0.5,9080.0
556,122,t,S01t,2016-02-05,09:52,23.5,88.1,0.513,9080.0
557,122,t,S02t,2016-02-05,09:52,10.0,80.0,0.5,9080.0
558,122,t,S03t,2016-02-05,09:52,69.3,1320.0,14.9,9080.0
559,122,t,S04t,2016-02-05,09:52,61.4,1030.0,14.6,9080.0
560,122,t,S05t,2016-02-05,09:52,48.8,490.0,6.11,9080.0
561,122,t,S06t,2016-02-05,09:52,52.8,327.0,4.81,9080.0
562,122,t,S07t,2016-02-05,09:52,46.4,250.0,4.0,9080.0
563,122,t,S08t,2016-02-05,09:52,55.5,209.0,3.28,9080.0
564,122,t,S09t,2016-02-05,09:52,58.8,165.0,2.73,9080.0
565,122,t,S10t,2016-02-05,09:52,60.2,146.0,3.38,9080.0
566,122,t,S11t,2016-02-05,09:52,40.7,116.0,1.54,9080.0
567,122,t,S12t,2016-02-05,09:52,21.4,104.0,1.45,9080.0
568,122,t,S13t,2016-02-05,09:52,18.5,90.8,1.3,9080.0
569,122,t,S14t,2016-02-05,09:52,14.2,83.6,1.22,9080.0
570,124,am,DS03am,2016-02-10,08:22,3.18,80.0,0.718,9300.0
571,124,am,S01am,2016-02-10,08:13,89.6,80.0,3.04,9300.0
572,124,am,S02am,2016-02-10,08:13,178.0,80.0,3.76,9300.0
573,124,am,S03am,2016-02-10,08:13,18.4,80.0,3.15,9300.0
574,124,am,S04am,2016-02-10,08:13,13.0,85.4,3.61,9300.0
575,124,am,S05am,2016-02-10,08:13,23.6,80.0,2.97,9300.0
576,124,am,S06am,2016-02-10,08:13,10.7,80.0,2.14,9300.0
577,124,am,S07am,2016-02-10,08:13,7.08,80.0,2.14,9300.0
578,124,am,S08am,2016-02-10,08:13,6.17,80.0,3.02,9300.0
579,124,am,S09am,2016-02-10,08:13,5.71,80.0,4.77,9300.0
580,124,am,S10am,2016-02-10,08:13,5.2,80.0,6.22,9300.0
581,124,am,S11am,2016-02-10,08:13,4.73,80.0,4.79,9300.0
582,124,am,S12am,2016-02-10,08:13,4.34,80.0,1.88,9300.0
583,124,am,S13am,2016-02-10,08:13,4.14,80.0,1.21,9300.0
584,124,am,S14am,2016-02-10,08:13,4.03,80.0,1.04,9300.0
585,130,bi,DS03bi,2016-02-15,10:18,3.31,167.0,1.23,9090.0
586,130,bi,S01bi,2016-02-15,10:10,31.3,171.0,9.28,9090.0
587,130,bi,S02bi,2016-02-15,10:10,8.26,140.0,5.78,9090.0
588,130,bi,S03bi,2016-02-15,10:10,6.67,187.0,9.92,9090.0
589,130,bi,S04bi,2016-02-15,10:10,8.27,158.0,8.76,9090.0
590,130,bi,S05bi,2016-02-15,10:10,50.7,192.0,11.1,9090.0
591,130,bi,S06bi,2016-02-15,10:10,41.7,207.0,13.2,9090.0
592,130,bi,S07bi,2016-02-15,10:10,42.8,175.0,16.9,9090.0
593,130,bi,S08bi,2016-02-15,10:10,27.8,162.0,20.4,9090.0
594,130,bi,S09bi,2016-02-15,10:10,22.3,155.0,19.7,9090.0
595,130,bi,S10bi,2016-02-15,10:10,17.9,145.0,19.6,9090.0
596,130,bi,S11bi,2016-02-15,10:10,14.4,152.0,19.7,9090.0
597,130,bi,S12bi,2016-02-15,10:10,13.2,144.0,16.4,9090.0
598,130,bi,S13bi,2016-02-15,10:10,11.9,155.0,13.3,9090.0
599,130,bi,S14bi,2016-02-15,10:10,9.7,159.0,9.92,9090.0
600,131,az,DS03az,2016-02-12,07:23,4.17,80.0,0.5,8950.0
601,131,az,S01az,2016-02-12,07:15,112.0,111.0,3.44,8950.0
602,131,az,S02az,2016-02-12,07:15,86.5,80.0,1.14,8950.0
603,131,az,S03az,2016-02-12,07:15,78.9,80.0,6.06,8950.0
604,131,az,S04az,2016-02-12,07:15,77.1,157.0,8.56,8950.0
605,131,az,S05az,2016-02-12,07:15,55.8,80.0,3.75,8950.0
606,131,az,S06az,2016-02-12,07:15,47.6,80.0,2.03,8950.0
607,131,az,S07az,2016-02-12,07:15,43.8,80.0,1.68,8950.0
608,131,az,S08az,2016-02-12,07:15,20.0,80.0,5.29,8950.0
609,131,az,S09az,2016-02-12,07:15,7.72,80.0,8.29,8950.0
610,131,az,S10az,2016-02-12,07:15,6.78,80.0,7.97,8950.0
611,131,az,S11az,2016-02-12,07:15,6.74,80.0,3.58,8950.0
612,131,az,S12az,2016-02-12,07:15,6.62,80.0,1.43,8950.0
613,131,az,S13az,2016-02-12,07:15,6.53,80.0,1.05,8950.0
614,131,az,S14az,2016-02-12,07:15,6.27,80.0,0.901,8950.0
615,133,as,DS03as,2016-02-10,07:22,3.4,80.0,0.5,9250.0
616,133,as,S01as,2016-02-10,07:11,58.6,80.0,1.76,9250.0
617,133,as,S02as,2016-02-10,07:11,126.0,80.0,1.55,9250.0
618,133,as,S03as,2016-02-10,07:11,116.0,281.0,107.0,9250.0
619,133,as,S04as,2016-02-10,07:11,40.1,495.0,16.3,9250.0
620,133,as,S05as,2016-02-10,07:11,40.5,449.0,16.5,9250.0
621,133,as,S06as,2016-02-10,07:11,66.2,414.0,21.8,9250.0
622,133,as,S07as,2016-02-10,07:11,59.9,291.0,14.3,9250.0
623,133,as,S08as,2016-02-10,07:11,28.0,125.0,3.02,9250.0
624,133,as,S09as,2016-02-10,07:11,12.4,87.5,6.97,9250.0
625,133,as,S10as,2016-02-10,07:11,6.48,85.2,12.3,9250.0
626,133,as,S11as,2016-02-10,07:11,5.53,110.0,11.8,9250.0
627,133,as,S12as,2016-02-10,07:11,5.71,96.3,5.85,9250.0
628,133,as,S13as,2016-02-10,07:11,4.84,80.0,1.31,9250.0
629,133,as,S14as,2016-02-10,07:11,4.63,80.0,0.738,9250.0
630,140,ae,DS03ae,2016-02-09,07:29,5.4,100.0,0.77,9360.0
631,140,ae,S01ae,2016-02-09,07:20,240.0,100.0,5.7,9360.0
632,140,ae,S02ae,2016-02-09,07:20,240.0,100.0,1.7,9360.0
633,140,ae,S03ae,2016-02-09,07:20,67.0,100.0,3.4,9360.0
634,140,ae,S04ae,2016-02-09,07:20,61.0,100.0,3.5,9360.0
635,140,ae,S05ae,2016-02-09,07:20,68.0,100.0,3.1,9360.0
636,140,ae,S06ae,2016-02-09,07:20,53.0,100.0,2.6,9360.0
637,140,ae,S07ae,2016-02-09,07:20,38.0,100.0,1.5,9360.0
638,140,ae,S08ae,2016-02-09,07:20,36.0,100.0,1.8,9360.0
639,140,ae,S09ae,2016-02-09,07:20,33.0,100.0,3.0,9360.0
640,140,ae,S10ae,2016-02-09,07:20,18.0,100.0,6.0,9360.0
641,140,ae,S11ae,2016-02-09,07:20,10.0,100.0,6.5,9360.0
642,140,ae,S12ae,2016-02-09,07:20,9.4,100.0,5.1,9360.0
643,140,ae,S13ae,2016-02-09,07:20,9.0,100.0,2.3,9360.0
644,140,ae,S14ae,2016-02-09,07:20,8.7,100.0,1.4,9360.0
645,141,w,DS03w,2016-02-05,08:32,17.6,139.0,2.45,9240.0
646,141,w,S01w,2016-02-05,08:25,106.0,80.0,2.02,9240.0
647,141,w,S02w,2016-02-05,08:25,48.8,80.0,4.88,9240.0
648,141,w,S03w,2016-02-05,08:25,298.0,5790.0,169.0,9240.0
649,141,w,S04w,2016-02-05,08:25,252.0,3960.0,109.0,9240.0
650,141,w,S05w,2016-02-05,08:25,175.0,2170.0,81.5,9240.0
651,141,w,S06w,2016-02-05,08:25,156.0,2040.0,66.9,9240.0
652,141,w,S07w,2016-02-05,08:25,133.0,1790.0,51.1,9240.0
653,141,w,S08w,2016-02-05,08:25,150.0,2380.0,57.1,9240.0
654,141,w,S09w,2016-02-05,08:25,120.0,1920.0,45.2,9240.0
655,141,w,S10w,2016-02-05,08:25,115.0,1690.0,39.1,9240.0
656,141,w,S11w,2016-02-05,08:25,95.1,1420.0,31.1,9240.0
657,141,w,S12w,2016-02-05,08:25,85.9,1220.0,28.9,9240.0
658,141,w,S13w,2016-02-05,08:25,74.2,1000.0,24.7,9240.0
659,141,w,S14w,2016-02-05,08:25,68.3,935.0,19.1,9240.0
660,142,al,DS03al,2016-02-10,12:34,28.1,91.6,2.64,9480.0
661,142,al,S01al,2016-02-10,12:27,373.0,80.0,7.92,9480.0
662,142,al,S02al,2016-02-10,12:27,631.0,80.0,4.78,9480.0
663,142,al,S03al,2016-02-10,12:27,2440.0,2290.0,616.0,9480.0
664,142,al,S04al,2016-02-10,12:27,638.0,677.0,192.0,9480.0
665,142,al,S05al,2016-02-10,12:27,401.0,868.0,121.0,9480.0
666,142,al,S06al,2016-02-10,12:27,288.0,596.0,57.2,9480.0
667,142,al,S07al,2016-02-10,12:27,157.0,314.0,24.5,9480.0
668,142,al,S08al,2016-02-10,12:27,97.6,232.0,14.3,9480.0
669,142,al,S09al,2016-02-10,12:27,84.5,219.0,10.2,9480.0
670,142,al,S10al,2016-02-10,12:27,83.8,219.0,21.7,9480.0
671,142,al,S11al,2016-02-10,12:27,225.0,215.0,7.7,9480.0
672,142,al,S12al,2016-02-10,12:27,362.0,205.0,5.62,9480.0
673,142,al,S13al,2016-02-10,12:27,371.0,192.0,4.73,9480.0
674,142,al,S14al,2016-02-10,12:27,268.0,149.0,4.18,9480.0
675,143,ay,DS03ay,2016-02-11,11:22,3.69,80.0,0.5,9170.0
676,143,ay,S01ay,2016-02-11,11:13,211.0,80.0,0.626,9170.0
677,143,ay,S02ay,2016-02-11,11:13,170.0,80.0,0.654,9170.0
678,143,ay,S03ay,2016-02-11,11:13,67.7,189.0,4.71,9170.0
679,143,ay,S04ay,2016-02-11,11:13,45.0,132.0,2.65,9170.0
680,143,ay,S05ay,2016-02-11,11:13,46.4,96.7,1.33,9170.0
681,143,ay,S06ay,2016-02-11,11:13,45.2,80.0,1.34,9170.0
682,143,ay,S07ay,2016-02-11,11:13,20.0,80.0,0.609,9170.0
683,143,ay,S08ay,2016-02-11,11:13,15.8,80.0,0.5,9170.0
684,143,ay,S09ay,2016-02-11,11:13,15.1,80.0,0.5,9170.0
685,143,ay,S10ay,2016-02-11,11:13,13.3,90.1,0.5,9170.0
686,143,ay,S11ay,2016-02-11,11:13,15.7,80.0,0.5,9170.0
687,143,ay,S12ay,2016-02-11,11:13,11.0,80.0,0.5,9170.0
688,143,ay,S13ay,2016-02-11,11:13,10.3,80.0,0.5,9170.0
689,143,ay,S14ay,2016-02-11,11:13,8.67,80.0,0.5,9170.0
690,144,ak,DS03ak,2016-02-10,11:39,8.11,85.8,0.5,9440.0
691,144,ak,S01ak,2016-02-10,11:29,138.0,80.0,12.5,9440.0
692,144,ak,S02ak,2016-02-10,11:29,199.0,80.0,8.21,9440.0
693,144,ak,S03ak,2016-02-10,11:29,207.0,198.0,26.8,9440.0
694,144,ak,S04ak,2016-02-10,11:29,63.2,80.0,4.79,9440.0
695,144,ak,S05ak,2016-02-10,11:29,98.4,276.0,8.52,9440.0
696,144,ak,S06ak,2016-02-10,11:29,120.0,271.0,7.42,9440.0
697,144,ak,S07ak,2016-02-10,11:29,177.0,172.0,8.63,9440.0
698,144,ak,S08ak,2016-02-10,11:29,78.5,92.5,3.36,9440.0
699,144,ak,S09ak,2016-02-10,11:29,47.1,80.0,1.8,9440.0
700,144,ak,S10ak,2016-02-10,11:29,43.6,80.0,1.46,9440.0
701,144,ak,S11ak,2016-02-10,11:29,37.9,80.0,1.77,9440.0
702,144,ak,S12ak,2016-02-10,11:29,24.8,308.0,1.49,9440.0
703,144,ak,S13ak,2016-02-10,11:29,15.1,129.0,1.14,9440.0
704,144,ak,S14ak,2016-02-10,11:29,13.3,97.4,1.02,9440.0
705,145,ch,DS03ch,2016-02-18,16:51,7.02,80.0,0.5,9350.0
706,145,ch,S01ch,2016-02-18,16:44,81.3,80.0,5.72,9350.0
707,145,ch,S02ch,2016-02-18,16:44,117.0,80.0,1.55,9350.0
708,145,ch,S03ch,2016-02-18,16:44,135.0,80.0,1.41,9350.0
709,145,ch,S04ch,2016-02-18,16:44,138.0,80.0,2.48,9350.0
710,145,ch,S05ch,2016-02-18,16:44,141.0,83.8,2.87,9350.0
711,145,ch,S06ch,2016-02-18,16:44,129.0,93.5,2.74,9350.0
712,145,ch,S07ch,2016-02-18,16:44,114.0,86.8,2.73,9350.0
713,145,ch,S08ch,2016-02-18,16:44,85.1,80.0,2.32,9350.0
714,145,ch,S09ch,2016-02-18,16:44,73.3,80.0,1.98,9350.0
715,145,ch,S10ch,2016-02-18,16:44,99.8,80.0,2.55,9350.0
716,145,ch,S11ch,2016-02-18,16:44,61.3,80.0,1.69,9350.0
717,145,ch,S12ch,2016-02-18,16:44,55.5,80.0,1.69,9350.0
718,145,ch,S13ch,2016-02-18,16:44,46.1,80.0,1.19,9350.0
719,145,ch,S14ch,2016-02-18,16:44,44.1,80.0,1.13,9350.0
720,151,l,DS03l,2016-02-02,09:19,21.5,80.0,0.5,9400.0
721,151,l,S01l,2016-02-02,09:10,73.1,80.0,3.35,9400.0
722,151,l,S02l,2016-02-02,09:10,83.6,80.0,5.12,9400.0
723,151,l,S03l,2016-02-02,09:10,105.0,80.0,5.35,9400.0
724,151,l,S04l,2016-02-02,09:10,91.7,80.0,1.32,9400.0
725,151,l,S05l,2016-02-02,09:10,63.7,80.0,0.977,9400.0
726,151,l,S06l,2016-02-02,09:10,54.4,80.0,0.713,9400.0
727,151,l,S07l,2016-02-02,09:10,48.9,80.0,0.875,9400.0
728,151,l,S08l,2016-02-02,09:10,30.3,80.0,0.5,9400.0
729,151,l,S09l,2016-02-02,09:10,37.3,80.0,0.5,9400.0
730,151,l,S10l,2016-02-02,09:10,41.1,80.0,0.5,9400.0
731,151,l,S11l,2016-02-02,09:10,57.4,80.0,0.5,9400.0
732,151,l,S12l,2016-02-02,09:10,69.3,80.0,0.5,9400.0
733,151,l,S13l,2016-02-02,09:10,77.1,80.0,0.5,9400.0
734,151,l,S14l,2016-02-02,09:17,74.5,80.0,0.5,9400.0
735,152,cq,DS03cq,2016-02-19,11:15,6.29,80.0,0.5,9330.0
736,152,cq,S01cq,2016-02-19,11:08,59.2,80.0,0.726,9330.0
737,152,cq,S02cq,2016-02-19,11:08,105.0,80.0,1.37,9330.0
738,152,cq,S03cq,2016-02-19,11:08,38.3,80.0,0.5,9330.0
739,152,cq,S04cq,2016-02-19,11:08,17.5,80.0,0.62,9330.0
740,152,cq,S05cq,2016-02-19,11:08,16.4,80.0,0.63,9330.0
741,152,cq,S06cq,2016-02-19,11:08,14.0,80.0,0.753,9330.0
742,152,cq,S07cq,2016-02-19,11:08,12.7,80.0,0.5,9330.0
743,152,cq,S08cq,2016-02-19,11:08,11.7,80.0,0.52,9330.0
744,152,cq,S09cq,2016-02-19,11:08,11.3,80.0,0.5,9330.0
745,152,cq,S10cq,2016-02-19,11:08,11.9,80.0,0.5,9330.0
746,152,cq,S11cq,2016-02-19,11:08,12.4,80.0,0.905,9330.0
747,152,cq,S12cq,2016-02-19,11:08,10.9,80.0,0.5,9330.0
748,152,cq,S13cq,2016-02-19,11:08,9.2,80.0,0.5,9330.0
749,152,cq,S14cq,2016-02-19,11:08,9.08,80.0,0.5,9330.0
750,156,r,DS03r,2016-02-04,07:27,8.24,80.0,0.5,9170.0
751,156,r,S01r,2016-02-04,07:22,85.6,80.0,0.697,9170.0
752,156,r,S02r,2016-02-04,07:22,54.3,80.0,1.76,9170.0
753,156,r,S03r,2016-02-04,07:22,11.0,80.0,1.59,9170.0
754,156,r,S04r,2016-02-04,07:22,7.25,80.0,1.13,9170.0
755,156,r,S05r,2016-02-04,07:22,9.36,80.0,0.5,9170.0
756,156,r,S06r,2016-02-04,07:22,6.17,80.0,0.5,9170.0
757,156,r,S07r,2016-02-04,07:22,7.52,80.0,0.5,9170.0
758,156,r,S08r,2016-02-04,07:22,5.07,80.0,0.565,9170.0
759,156,r,S09r,2016-02-04,07:22,4.55,80.0,0.5,9170.0
760,156,r,S10r,2016-02-04,07:22,4.2,80.0,0.5,9170.0
761,156,r,S11r,2016-02-04,07:22,3.56,80.0,0.5,9170.0
762,156,r,S12r,2016-02-04,07:22,2.84,80.0,0.5,9170.0
763,156,r,S13r,2016-02-04,07:22,2.45,80.0,0.5,9170.0
764,156,r,S14r,2016-02-04,07:22,2.29,80.0,0.5,9170.0
765,158,bh,DS03bh,2016-02-15,14:51,1.69,80.0,0.5,9290.0
766,158,bh,S01bh,2016-02-15,14:46,29.0,80.0,1.06,9290.0
767,158,bh,S02bh,2016-02-15,14:46,31.8,80.0,3.0,9290.0
768,158,bh,S03bh,2016-02-15,14:46,5.63,80.0,4.57,9290.0
769,158,bh,S04bh,2016-02-15,14:46,4.1,80.0,1.76,9290.0
770,158,bh,S05bh,2016-02-15,14:46,5.61,80.0,1.34,9290.0
771,158,bh,S06bh,2016-02-15,14:46,34.3,123.0,2.38,9290.0
772,158,bh,S07bh,2016-02-15,14:46,13.8,80.0,1.39,9290.0
773,158,bh,S08bh,2016-02-15,14:46,5.48,80.0,0.762,9290.0
774,158,bh,S09bh,2016-02-15,14:46,4.45,80.0,0.667,9290.0
775,158,bh,S10bh,2016-02-15,14:46,3.98,80.0,0.636,9290.0
776,158,bh,S11bh,2016-02-15,14:46,3.64,80.0,0.913,9290.0
777,158,bh,S12bh,2016-02-15,14:46,3.27,80.0,1.49,9290.0
778,158,bh,S13bh,2016-02-15,14:46,2.81,80.0,1.46,9290.0
779,158,bh,S14bh,2016-02-15,14:46,2.53,80.0,1.14,9290.0
780,169,k,DS03k,2016-02-02,07:12,1.01,80.0,0.5,9260.0
781,169,k,S01k,2016-02-02,07:05,31.8,80.0,176.0,9260.0
782,169,k,S02k,2016-02-02,07:05,5.46,80.0,0.632,9260.0
783,169,k,S03k,2016-02-02,07:05,4.0,80.0,14.0,9260.0
784,169,k,S04k,2016-02-02,07:05,4.35,80.0,0.99,9260.0
785,169,k,S05k,2016-02-02,07:05,4.51,80.0,0.902,9260.0
786,169,k,S06k,2016-02-02,07:05,5.45,80.0,0.943,9260.0
787,169,k,S07k,2016-02-02,07:05,2.88,80.0,0.858,9260.0
788,169,k,S08k,2016-02-02,07:05,1.87,80.0,0.824,9260.0
789,169,k,S09k,2016-02-02,07:05,1.61,80.0,0.836,9260.0
790,169,k,S10k,2016-02-02,07:05,1.78,80.0,0.935,9260.0
791,169,k,S11k,2016-02-02,07:05,1.43,80.0,0.882,9260.0
792,169,k,S12k,2016-02-02,07:05,1.22,80.0,0.875,9260.0
793,169,k,S13k,2016-02-02,07:05,1.27,80.0,0.931,9260.0
794,169,k,S18k,2016-02-02,07:05,1.16,80.0,0.5,9260.0
795,174,ax,DS03ax,2016-02-11,09:15,4.99,110.0,3.5,9200.0
796,174,ax,S01ax,2016-02-11,09:08,56.1,128.0,4.18,9200.0
797,174,ax,S02ax,2016-02-11,09:08,179.0,109.0,10.7,9200.0
798,174,ax,S03ax,2016-02-11,09:08,74.7,412.0,21.0,9200.0
799,174,ax,S04ax,2016-02-11,09:08,67.6,710.0,39.0,9200.0
800,174,ax,S05ax,2016-02-11,09:08,38.7,369.0,21.6,9200.0
801,174,ax,S06ax,2016-02-11,09:08,29.0,291.0,16.7,9200.0
802,174,ax,S07ax,2016-02-11,09:08,23.6,229.0,13.4,9200.0
803,174,ax,S08ax,2016-02-11,09:08,26.8,251.0,13.6,9200.0
804,174,ax,S09ax,2016-02-11,09:08,26.1,222.0,13.7,9200.0
805,174,ax,S10ax,2016-02-11,09:08,16.1,220.0,12.8,9200.0
806,174,ax,S11ax,2016-02-11,09:08,14.8,338.0,12.2,9200.0
807,174,ax,S12ax,2016-02-11,09:08,11.8,189.0,8.36,9200.0
808,174,ax,S13ax,2016-02-11,09:08,11.0,175.0,7.41,9200.0
809,174,ax,S14ax,2016-02-11,09:08,10.4,170.0,7.58,9200.0
810,189,at,DS03at,2016-02-10,09:20,7.25,282.0,3.18,9620.0
811,189,at,S01at,2016-02-10,09:15,66.2,258.0,4.94,9620.0
812,189,at,S02at,2016-02-10,09:15,66.4,216.0,4.26,9620.0
813,189,at,S03at,2016-02-10,09:15,412.0,1090.0,274.0,9620.0
814,189,at,S04at,2016-02-10,09:15,369.0,1020.0,181.0,9620.0
815,189,at,S05at,2016-02-10,09:15,238.0,840.0,92.4,9620.0
816,189,at,S06at,2016-02-10,09:15,127.0,556.0,47.0,9620.0
817,189,at,S07at,2016-02-10,09:15,87.0,449.0,32.1,9620.0
818,189,at,S08at,2016-02-10,09:15,48.5,358.0,22.9,9620.0
819,189,at,S09at,2016-02-10,09:15,30.2,388.0,17.4,9620.0
820,189,at,S10at,2016-02-10,09:15,23.8,393.0,16.8,9620.0
821,189,at,S11at,2016-02-10,09:15,20.8,359.0,24.5,9620.0
822,189,at,S12at,2016-02-10,09:15,22.5,375.0,29.6,9620.0
823,189,at,S13at,2016-02-10,09:15,21.0,393.0,22.6,9620.0
824,189,at,S14at,2016-02-10,09:15,20.1,362.0,12.8,9620.0
825,190,g,DS03g,2016-01-31,08:55,14.7,80.0,1.51,8830.0
826,190,g,S01g,2016-01-31,08:43,181.0,80.0,3.7,8830.0
827,190,g,S02g,2016-01-31,08:43,77.9,80.0,2.34,8830.0
828,190,g,S03g,2016-01-31,08:43,80.0,80.0,2.01,8830.0
829,190,g,S04g,2016-01-31,08:43,347.0,80.0,1.61,8830.0
830,190,g,S05g,2016-01-31,08:43,216.0,80.0,1.87,8830.0
831,190,g,S06g,2016-01-31,08:43,189.0,80.0,1.73,8830.0
832,190,g,S07g,2016-01-31,08:43,191.0,80.0,1.36,8830.0
833,190,g,S08g,2016-01-31,08:43,184.0,80.0,1.43,8830.0
834,190,g,S09g,2016-01-31,08:43,146.0,80.0,3.03,8830.0
835,190,g,S10g,2016-01-31,08:43,54.0,80.0,6.83,8830.0
836,190,g,S11g,2016-01-31,08:43,22.1,80.0,5.41,8830.0
837,190,g,S12.5g,2016-01-31,08:43,21.2,80.0,2.75,8830.0
838,190,g,S12g,2016-01-31,08:43,27.2,80.0,7.44,8830.0
839,190,g,S13g,2016-01-31,08:43,19.8,80.0,1.45,8830.0
840,192,ab,DS03ab,2016-02-08,07:18,6.2,100.0,3.3,9390.0
841,192,ab,S01ab,2016-02-08,07:14,110.0,100.0,6.0,9390.0
842,192,ab,S02ab,2016-02-08,07:14,160.0,100.0,10.0,9390.0
843,192,ab,S03ab,2016-02-08,07:14,300.0,550.0,260.0,9390.0
844,192,ab,S04ab,2016-02-08,07:14,160.0,270.0,150.0,9390.0
845,192,ab,S05ab,2016-02-08,07:14,110.0,150.0,78.0,9390.0
846,192,ab,S06ab,2016-02-08,07:14,55.0,100.0,47.0,9390.0
847,192,ab,S07ab,2016-02-08,07:14,42.0,100.0,36.0,9390.0
848,192,ab,S08ab,2016-02-08,07:14,38.0,110.0,31.0,9390.0
849,192,ab,S09ab,2016-02-08,07:14,31.0,140.0,23.0,9390.0
850,192,ab,S10ab,2016-02-08,07:14,30.0,200.0,18.0,9390.0
851,192,ab,S11ab,2016-02-08,07:14,23.0,160.0,14.0,9390.0
852,192,ab,S12ab,2016-02-08,07:14,19.0,100.0,13.0,9390.0
853,192,ab,S13ab,2016-02-08,07:14,18.0,100.0,12.0,9390.0
854,192,ab,S14ab,2016-02-08,07:14,17.0,100.0,12.0,9390.0
855,193,m,DS03m,2016-02-03,07:09,5.47,80.0,1.33,9450.0
856,193,m,S01m,2016-02-03,07:01,55.8,80.0,2.24,9450.0
857,193,m,S02m,2016-02-03,07:01,72.6,80.0,4.94,9450.0
858,193,m,S03m,2016-02-03,07:01,59.3,80.0,10.2,9450.0
859,193,m,S04m,2016-02-03,07:01,29.4,80.0,9.29,9450.0
860,193,m,S05m,2016-02-03,07:01,23.4,80.0,7.14,9450.0
861,193,m,S06m,2016-02-03,07:01,20.7,80.0,5.63,9450.0
862,193,m,S07m,2016-02-03,07:01,19.3,80.0,5.26,9450.0
863,193,m,S08m,2016-02-03,07:01,24.6,80.0,4.78,9450.0
864,193,m,S09m,2016-02-03,07:01,16.8,84.5,14.6,9450.0
865,193,m,S10m,2016-02-03,07:01,12.4,80.0,3.75,9450.0
866,193,m,S11m,2016-02-03,07:01,8.99,80.0,3.63,9450.0
867,193,m,S12m,2016-02-03,07:01,8.68,80.0,3.64,9450.0
868,193,m,S13m,2016-02-03,07:01,8.03,80.0,3.41,9450.0
869,193,m,S14m,2016-02-03,07:01,7.64,80.0,3.17,9450.0
870,198,e,S01e,2016-01-28,14:08,351.0,888.0,10.7,8510.0
871,198,e,S02e,2016-01-28,14:08,231.0,97.4,2.97,8510.0
872,198,e,S03e,2016-01-28,14:08,258.0,107.0,2.4,8510.0
873,198,e,S04e,2016-01-28,14:08,150.0,130.0,1.02,8510.0
874,198,e,S05e,2016-01-28,14:08,79.4,114.0,0.658,8510.0
875,198,e,S06e,2016-01-28,14:08,52.2,101.0,0.5,8510.0
876,198,e,S07e,2016-01-28,14:08,42.6,86.5,0.5,8510.0
877,198,e,S08e,2016-01-28,14:08,38.1,85.9,0.5,8510.0
878,198,e,S09e,2016-01-28,14:08,33.8,84.4,0.5,8510.0
879,198,e,S10e,2016-01-28,14:08,34.0,82.6,0.5,8510.0
880,198,e,S11e,2016-01-28,14:08,31.8,99.3,0.5,8510.0
881,198,e,S12e,2016-01-28,14:08,28.9,80.0,0.5,8510.0
882,198,e,S13e,2016-01-28,14:08,28.9,86.5,0.5,8510.0
883,198,e,S14e,2016-01-28,14:14,27.5,88.8,0.5,8510.0
884,198,e,DS03e,2016-01-28,14:20,23.0,80.0,0.5,8510.0
885,200,cw,DS03cw,2016-02-20,08:41,2.39,80.0,0.511,9060.0
886,200,cw,S01cw,2016-02-20,08:33,38.8,80.0,1.98,9060.0
887,200,cw,S02cw,2016-02-20,08:33,29.4,80.0,1.32,9060.0
888,200,cw,S03cw,2016-02-20,08:33,25.9,80.0,1.63,9060.0
889,200,cw,S04cw,2016-02-20,08:33,17.2,80.0,1.53,9060.0
890,200,cw,S05cw,2016-02-20,08:33,31.3,80.0,2.14,9060.0
891,200,cw,S06cw,2016-02-20,08:33,45.5,193.0,7.8,9060.0
892,200,cw,S07cw,2016-02-20,08:33,16.5,90.0,4.6,9060.0
893,200,cw,S08cw,2016-02-20,08:33,10.7,80.0,3.23,9060.0
894,200,cw,S09cw,2016-02-20,08:33,8.37,80.0,6.32,9060.0
895,200,cw,S10cw,2016-02-20,08:33,6.78,80.0,9.2,9060.0
896,200,cw,S11cw,2016-02-20,08:33,6.31,80.0,3.07,9060.0
897,200,cw,S12cw,2016-02-20,08:33,5.75,80.0,1.71,9060.0
898,200,cw,S13cw,2016-02-20,08:33,5.43,80.0,1.66,9060.0
899,200,cw,S14cw,2016-02-20,08:33,4.59,80.0,1.56,9060.0
900,211,cs,DS03cs,2016-02-20,07:33,5.31,80.0,1.03,9490.0
901,211,cs,S01cs,2016-02-20,07:19,299.0,80.0,2970.0,9490.0
902,211,cs,S02cs,2016-02-20,07:19,259.0,80.0,5.58,9490.0
903,211,cs,S03cs,2016-02-20,07:19,229.0,132.0,160.0,9490.0
904,211,cs,S04cs,2016-02-20,07:19,97.9,138.0,106.0,9490.0
905,211,cs,S05cs,2016-02-20,07:19,61.4,108.0,28.1,9490.0
906,211,cs,S06cs,2016-02-20,07:19,50.3,81.7,23.8,9490.0
907,211,cs,S07cs,2016-02-20,07:19,40.9,80.0,16.5,9490.0
908,211,cs,S08cs,2016-02-20,07:19,34.8,80.8,12.4,9490.0
909,211,cs,S09cs,2016-02-20,07:19,33.5,80.0,20.5,9490.0
910,211,cs,S10cs,2016-02-20,07:19,32.8,80.0,17.5,9490.0
911,211,cs,S11cs,2016-02-20,07:19,26.2,80.0,11.4,9490.0
912,211,cs,S12cs,2016-02-20,07:19,22.5,80.0,10.8,9490.0
913,211,cs,S13cs,2016-02-20,07:19,24.2,80.0,12.8,9490.0
914,211,cs,S14cs,2016-02-20,07:19,20.1,80.0,11.6,9490.0
915,220,br,DS03br,2016-02-16,13:56,5.3,134.0,0.35,9240.0
916,220,br,S01br,2016-02-16,13:48,187.0,126.0,3.1,9240.0
917,220,br,S02br,2016-02-16,13:48,95.6,176.0,4.2,9240.0
918,220,br,S03br,2016-02-16,13:48,23.4,103.0,0.9,9240.0
919,220,br,S04br,2016-02-16,13:48,25.0,97.0,1.0,9240.0
920,220,br,S05br,2016-02-16,13:48,18.2,74.0,0.54,9240.0
921,220,br,S06br,2016-02-16,13:48,17.7,79.0,0.35,9240.0
922,220,br,S07br,2016-02-16,13:48,13.4,111.0,0.4,9240.0
923,220,br,S08br,2016-02-16,13:48,10.8,172.0,0.35,9240.0
924,220,br,S09br,2016-02-16,13:48,9.2,424.0,0.46,9240.0
925,220,br,S10br,2016-02-16,13:48,6.4,196.0,0.48,9240.0
926,220,br,S11br,2016-02-16,13:48,5.8,148.0,0.35,9240.0
927,220,br,S12br,2016-02-16,13:48,5.6,138.0,0.35,9240.0
928,220,br,S13br,2016-02-16,13:48,5.6,139.0,0.36,9240.0
929,220,br,S14br,2016-02-16,13:48,5.3,146.0,0.69,9240.0
930,225,cd,DS03cd,2016-02-18,07:24,1.1,80.0,0.61,9420.0
931,225,cd,S01cd,2016-02-18,07:14,4.8,80.0,4.9,9420.0
932,225,cd,S02cd,2016-02-18,07:14,1.1,80.0,7.71,9420.0
933,225,cd,S03cd,2016-02-18,07:14,1.5,80.0,14.9,9420.0
934,225,cd,S04cd,2016-02-18,07:14,2.4,80.0,12.1,9420.0
935,225,cd,S05cd,2016-02-18,07:14,10.7,174.0,8.6,9420.0
936,225,cd,S06cd,2016-02-18,07:14,4.0,129.0,6.03,9420.0
937,225,cd,S07cd,2016-02-18,07:14,2.0,93.0,6.01,9420.0
938,225,cd,S08cd,2016-02-18,07:14,1.8,91.0,5.33,9420.0
939,225,cd,S09cd,2016-02-18,07:14,4.7,95.0,9.58,9420.0
940,225,cd,S10cd,2016-02-18,07:14,3.5,90.0,11.0,9420.0
941,225,cd,S11cd,2016-02-18,07:14,1.5,80.0,7.39,9420.0
942,225,cd,S12cd,2016-02-18,07:14,1.3,80.0,3.1,9420.0
943,225,cd,S13cd,2016-02-18,07:14,1.2,80.0,1.7,9420.0
944,225,cd,S14cd,2016-02-18,07:14,1.1,80.0,1.3,9420.0
945,226,bz,DS03bz,2016-02-17,18:34,5.08,80.0,0.5,9460.0
946,226,bz,S01bz,2016-02-17,18:28,161.0,80.0,0.768,9460.0
947,226,bz,S02bz,2016-02-17,18:28,76.8,80.0,0.5,9460.0
948,226,bz,S03bz,2016-02-17,18:28,51.2,80.0,0.5,9460.0
949,226,bz,S04bz,2016-02-17,18:28,29.0,80.0,0.5,9460.0
950,226,bz,S05bz,2016-02-17,18:28,24.0,80.0,0.5,9460.0
951,226,bz,S06bz,2016-02-17,18:28,21.5,80.0,0.5,9460.0
952,226,bz,S07bz,2016-02-17,18:28,19.1,80.0,0.5,9460.0
953,226,bz,S09bz,2016-02-17,18:28,13.9,80.0,0.5,9460.0
954,226,bz,S08bz,2016-02-17,18:28,17.1,80.0,0.5,9460.0
955,226,bz,S10bz,2016-02-17,18:28,11.1,80.0,0.5,9460.0
956,226,bz,S11bz,2016-02-17,18:28,8.53,80.0,0.5,9460.0
957,226,bz,S12bz,2016-02-17,18:28,8.19,80.0,0.5,9460.0
958,226,bz,S13bz,2016-02-17,18:28,7.87,80.0,0.5,9460.0
959,226,bz,S14bz,2016-02-17,18:28,7.66,80.0,0.5,9460.0
960,229,cf,DS03cf,2016-02-18,09:18,2.93,80.0,0.5,9430.0
961,229,cf,S01cf,2016-02-18,09:12,46.3,185.0,3.04,9430.0
962,229,cf,S02cf,2016-02-18,09:12,45.0,80.0,1.67,9430.0
963,229,cf,S03cf,2016-02-18,09:12,64.2,80.0,2.91,9430.0
964,229,cf,S04cf,2016-02-18,09:12,30.8,80.0,2.55,9430.0
965,229,cf,S05cf,2016-02-18,09:12,12.9,80.0,2.42,9430.0
966,229,cf,S06cf,2016-02-18,09:12,17.9,80.0,1.94,9430.0
967,229,cf,S07cf,2016-02-18,09:12,6.6,80.0,1.29,9430.0
968,229,cf,S08cf,2016-02-18,09:12,5.2,80.0,1.13,9430.0
969,229,cf,S09cf,2016-02-18,09:12,5.49,80.0,1.3,9430.0
970,229,cf,S10cf,2016-02-18,09:12,4.78,80.0,3.56,9430.0
971,229,cf,S11cf,2016-02-18,09:12,3.75,80.0,4.25,9430.0
972,229,cf,S12cf,2016-02-18,09:12,3.33,80.0,3.32,9430.0
973,229,cf,S13cf,2016-02-18,09:12,3.18,80.0,1.62,9430.0
974,229,cf,S14cf,2016-02-18,09:12,3.01,80.0,0.714,9430.0
975,241,cm,DS03cm,2016-02-19,10:58,13.3,80.0,0.5,9410.0
976,241,cm,S01cm,2016-02-19,10:46,299.0,80.0,15.7,9410.0
977,241,cm,S02cm,2016-02-19,10:46,124.0,80.0,3.18,9410.0
978,241,cm,S03cm,2016-02-19,10:46,68.0,80.0,0.705,9410.0
979,241,cm,S04cm,2016-02-19,10:46,76.4,80.0,3.5,9410.0
980,241,cm,S05cm,2016-02-19,10:46,62.9,80.0,0.651,9410.0
981,241,cm,S06cm,2016-02-19,10:46,56.9,80.0,0.5,9410.0
982,241,cm,S07cm,2016-02-19,10:46,44.1,80.0,0.5,9410.0
983,241,cm,S08cm,2016-02-19,10:46,42.2,80.0,0.5,9410.0
984,241,cm,S09cm,2016-02-19,10:46,39.2,80.0,0.5,9410.0
985,241,cm,S10cm,2016-02-19,10:46,36.0,80.0,0.5,9410.0
986,241,cm,S11cm,2016-02-19,10:46,25.9,80.0,0.5,9410.0
987,241,cm,S12cm,2016-02-19,10:46,19.0,80.0,0.5,9410.0
988,241,cm,S13cm,2016-02-19,10:46,16.6,80.0,0.5,9410.0
989,241,cm,S14cm,2016-02-19,10:46,14.7,80.0,0.5,9410.0
990,253,db,DS03db,2016-02-22,07:30,12.0,170.0,2.3,9450.0
991,253,db,S01db,2016-02-22,07:21,59.0,100.0,4.4,9450.0
992,253,db,S02db,2016-02-22,07:21,110.0,100.0,37.0,9450.0
993,253,db,S03db,2016-02-22,07:21,130.0,440.0,110.0,9450.0
994,253,db,S04db,2016-02-22,07:21,62.0,190.0,54.0,9450.0
995,253,db,S05db,2016-02-22,07:21,42.0,110.0,34.0,9450.0
996,253,db,S06db,2016-02-22,07:21,42.0,100.0,26.0,9450.0
997,253,db,S07db,2016-02-22,07:21,45.0,100.0,66.0,9450.0
998,253,db,S08db,2016-02-22,07:21,42.0,100.0,19.0,9450.0
999,253,db,S09db,2016-02-22,07:21,42.0,100.0,17.0,9450.0
1000,253,db,S10db,2016-02-22,07:21,42.0,100.0,12.0,9450.0
1001,253,db,S11db,2016-02-22,07:21,38.0,100.0,11.0,9450.0
1002,253,db,S12db,2016-02-22,07:21,36.0,100.0,11.0,9450.0
1003,253,db,S13db,2016-02-22,07:21,30.0,110.0,7.2,9450.0
1004,253,db,S14db,2016-02-22,07:21,26.0,130.0,7.6,9450.0
1005,255,dc,DS03dc,2016-02-22,07:16,5.2,100.0,0.5,9310.0
1006,255,dc,S01dc,2016-02-22,07:10,120.0,100.0,1.1,9310.0
1007,255,dc,S02dc,2016-02-22,07:10,110.0,100.0,1.4,9310.0
1008,255,dc,S03dc,2016-02-22,07:10,47.0,100.0,2.6,9310.0
1009,255,dc,S04dc,2016-02-22,07:10,37.0,100.0,1.8,9310.0
1010,255,dc,S05dc,2016-02-22,07:10,40.0,100.0,1.5,9310.0
1011,255,dc,S06dc,2016-02-22,07:10,38.0,100.0,1.5,9310.0
1012,255,dc,S07dc,2016-02-22,07:10,28.0,100.0,1.5,9310.0
1013,255,dc,S08dc,2016-02-22,07:10,15.0,100.0,1.5,9310.0
1014,255,dc,S09dc,2016-02-22,07:10,11.0,100.0,1.7,9310.0
1015,255,dc,S10dc,2016-02-22,07:10,10.0,100.0,5.0,9310.0
1016,255,dc,S11dc,2016-02-22,07:10,7.3,180.0,12.0,9310.0
1017,255,dc,S12dc,2016-02-22,07:10,6.4,100.0,3.1,9310.0
1018,255,dc,S13dc,2016-02-22,07:10,5.9,100.0,0.9,9310.0
1019,255,dc,S14dc,2016-02-22,07:10,6.0,100.0,0.71,9310.0
1020,257,cz,DS03cz,2016-02-21,18:24,4.0,110.0,2.5,9040.0
1021,257,cz,S01cz,2016-02-21,18:18,100.0,100.0,16.0,9040.0
1022,257,cz,S02cz,2016-02-21,18:18,40.0,100.0,13.0,9040.0
1023,257,cz,S03cz,2016-02-21,18:18,31.0,140.0,13.0,9040.0
1024,257,cz,S04cz,2016-02-21,18:18,7.9,100.0,10.0,9040.0
1025,257,cz,S05cz,2016-02-21,18:18,6.3,100.0,8.9,9040.0
1026,257,cz,S06cz,2016-02-21,18:18,5.4,100.0,8.7,9040.0
1027,257,cz,S07cz,2016-02-21,18:18,5.5,100.0,11.0,9040.0
1028,257,cz,S08cz,2016-02-21,18:18,5.2,100.0,18.0,9040.0
1029,257,cz,S09cz,2016-02-21,18:18,4.1,100.0,31.0,9040.0
1030,257,cz,S10cz,2016-02-21,18:18,3.5,100.0,38.0,9040.0
1031,257,cz,S11cz,2016-02-21,18:18,3.4,120.0,22.0,9040.0
1032,257,cz,S12cz,2016-02-21,18:18,3.0,120.0,9.0,9040.0
1033,257,cz,S13cz,2016-02-21,18:18,4.1,110.0,6.0,9040.0
1034,257,cz,S14cz,2016-02-21,18:18,2.8,110.0,4.9,9040.0
1035,267,df,DS03df,2016-02-23,09:27,18.0,100.0,1.2,9020.0
1036,267,df,S01df,2016-02-23,09:19,170.0,100.0,4.1,9020.0
1037,267,df,S02df,2016-02-23,09:19,160.0,100.0,4.8,9020.0
1038,267,df,S03df,2016-02-23,09:19,200.0,100.0,5.1,9020.0
1039,267,df,S04df,2016-02-23,09:19,260.0,190.0,17.0,9020.0
1040,267,df,S05df,2016-02-23,09:19,210.0,210.0,15.0,9020.0
1041,267,df,S06df,2016-02-23,09:19,100.0,120.0,8.6,9020.0
1042,267,df,S07df,2016-02-23,09:19,68.0,100.0,5.7,9020.0
1043,267,df,S08df,2016-02-23,09:19,56.0,100.0,4.3,9020.0
1044,267,df,S09df,2016-02-23,09:19,53.0,100.0,3.6,9020.0
1045,267,df,S10df,2016-02-23,09:19,57.0,100.0,3.3,9020.0
1046,267,df,S11df,2016-02-23,09:19,52.0,100.0,3.2,9020.0
1047,267,df,S12df,2016-02-23,09:19,40.0,100.0,3.0,9020.0
1048,267,df,S13df,2016-02-23,09:19,32.0,100.0,2.7,9020.0
1049,267,df,S14df,2016-02-23,09:19,31.0,100.0,2.7,9020.0
1050,272,dg,DS03dg,2016-02-23,09:29,8.6,100.0,0.5,2450.0
1051,272,dg,S01dg,2016-02-23,09:21,140.0,100.0,53.0,2450.0
1052,272,dg,S02dg,2016-02-23,09:21,230.0,100.0,1.9,2450.0
1053,272,dg,S03dg,2016-02-23,09:21,65.0,100.0,1.8,2450.0
1054,272,dg,S04dg,2016-02-23,09:21,58.0,100.0,0.5,2450.0
1055,272,dg,S05dg,2016-02-23,09:21,53.0,100.0,0.5,2450.0
1056,272,dg,S06dg,2016-02-23,09:21,51.0,100.0,0.5,2450.0
1057,272,dg,S07dg,2016-02-23,09:21,42.0,100.0,0.5,2450.0
1058,272,dg,S09dg,2016-02-23,09:21,32.0,100.0,0.5,2450.0
1059,272,dg,S08dg,2016-02-23,09:21,31.0,100.0,0.5,2450.0
1060,272,dg,S10dg,2016-02-23,09:21,20.0,100.0,0.5,2450.0
1061,272,dg,S11dg,2016-02-23,09:21,14.0,100.0,0.5,2450.0
1062,272,dg,S12dg,2016-02-23,09:21,13.0,100.0,0.5,2450.0
1063,272,dg,S13dg,2016-02-23,09:21,13.0,100.0,0.5,2450.0
1064,272,dg,S14dg,2016-02-23,09:21,12.0,100.0,0.5,2450.0
1065,276,dh,DS03dh,2016-02-23,12:52,9.0,100.0,1.2,8810.0
1066,276,dh,S02dh,2016-02-23,12:46,270.0,100.0,15.0,8810.0
1067,276,dh,S03dh,2016-02-23,12:46,120.0,330.0,130.0,8810.0
1068,276,dh,S04dh,2016-02-23,12:46,38.0,100.0,12.0,8810.0
1069,276,dh,S05dh,2016-02-23,12:46,280.0,1000.0,370.0,8810.0
1070,276,dh,S06dh,2016-02-23,12:46,300.0,950.0,340.0,8810.0
1071,276,dh,S07dh,2016-02-23,12:46,170.0,450.0,150.0,8810.0
1072,276,dh,S09dh,2016-02-23,12:46,70.0,190.0,93.0,8810.0
1073,276,dh,S08dh,2016-02-23,12:46,110.0,290.0,84.0,8810.0
1074,276,dh,S10dh,2016-02-23,12:46,59.0,160.0,44.0,8810.0
1075,276,dh,S11dh,2016-02-23,12:46,45.0,130.0,120.0,8810.0
1076,276,dh,S12dh,2016-02-23,12:46,42.0,120.0,160.0,8810.0
1077,276,dh,S13dh,2016-02-23,12:46,31.0,210.0,42.0,8810.0
1078,276,dh,S14dh,2016-02-23,12:46,27.0,100.0,39.0,8810.0
1079,276,dh,S01dh,2016-02-23,12:46,110.0,520.0,40.0,8810.0
1080,277,eb,DS03eb,2016-03-01,14:48,3.96,80.0,0.5,8940.0
1081,277,eb,S01eb,2016-03-01,14:38,59.2,80.0,0.717,8940.0
1082,277,eb,S02eb,2016-03-01,14:38,68.0,80.0,1.48,8940.0
1083,277,eb,S03eb,2016-03-01,14:38,38.6,80.0,0.5,8940.0
1084,277,eb,S04eb,2016-03-01,14:38,16.2,80.0,0.5,8940.0
1085,277,eb,S05eb,2016-03-01,14:38,10.6,80.0,0.5,8940.0
1086,277,eb,S06eb,2016-03-01,14:38,8.51,80.0,0.5,8940.0
1087,277,eb,S07eb,2016-03-01,14:38,7.12,80.0,0.5,8940.0
1088,277,eb,S08eb,2016-03-01,14:38,7.74,80.0,0.5,8940.0
1089,277,eb,S09eb,2016-03-01,14:38,6.96,80.0,0.5,8940.0
1090,277,eb,S10eb,2016-03-01,14:38,5.66,80.0,0.5,8940.0
1091,277,eb,S11eb,2016-03-01,14:38,5.29,80.0,0.5,8940.0
1092,277,eb,S12eb,2016-03-01,14:38,4.84,80.0,0.5,8940.0
1093,277,eb,S13eb,2016-03-01,14:38,4.65,80.0,0.5,8940.0
1094,277,eb,S14eb,2016-03-01,14:38,4.36,80.0,0.5,8940.0
1095,285,dj,DS03dj,2016-02-24,12:04,3.21,80.0,0.5,8930.0
1096,285,dj,S01dj,2016-02-24,11:57,75.7,80.0,1.08,8930.0
1097,285,dj,S02dj,2016-02-24,11:57,74.5,80.0,2.37,8930.0
1098,285,dj,S03dj,2016-02-24,11:57,111.0,80.6,21.8,8930.0
1099,285,dj,S04dj,2016-02-24,11:57,39.9,80.0,40.9,8930.0
1100,285,dj,S05dj,2016-02-24,11:57,29.9,80.0,5.13,8930.0
1101,285,dj,S06dj,2016-02-24,11:57,20.6,80.0,4.55,8930.0
1102,285,dj,S07dj,2016-02-24,11:57,17.8,80.0,3.43,8930.0
1103,285,dj,S09dj,2016-02-24,11:57,15.5,80.0,3.75,8930.0
1104,285,dj,S08dj,2016-02-24,11:57,15.6,80.0,2.72,8930.0
1105,285,dj,S10dj,2016-02-24,11:57,14.2,84.8,3.44,8930.0
1106,285,dj,S11dj,2016-02-24,11:57,10.8,80.0,1.92,8930.0
1107,285,dj,S12dj,2016-02-24,11:57,10.5,80.0,2.21,8930.0
1108,285,dj,S13dj,2016-02-24,11:57,9.83,80.0,3.69,8930.0
1109,285,dj,S14dj,2016-02-24,11:57,9.7,80.0,2.07,8930.0
1110,286,dk,DS03dk,2016-02-24,12:41,19.8,80.0,5.25,8370.0
1111,286,dk,S01dk,2016-02-24,12:36,129.0,95.5,17.7,8370.0
1112,286,dk,S02dk,2016-02-24,12:36,143.0,80.0,21.0,8370.0
1113,286,dk,S03dk,2016-02-24,12:36,154.0,80.0,11.1,8370.0
1114,286,dk,S04dk,2016-02-24,12:36,140.0,80.0,12.1,8370.0
1115,286,dk,S05dk,2016-02-24,12:36,93.4,80.0,6.83,8370.0
1116,286,dk,S06dk,2016-02-24,12:36,80.8,80.0,4.35,8370.0
1117,286,dk,S07dk,2016-02-24,12:36,73.8,80.0,3.97,8370.0
1118,286,dk,S08dk,2016-02-24,12:36,69.1,80.0,3.73,8370.0
1119,286,dk,S09dk,2016-02-24,12:36,64.7,80.0,3.46,8370.0
1120,286,dk,S10dk,2016-02-24,12:36,63.0,80.0,3.43,8370.0
1121,286,dk,S11dk,2016-02-24,12:36,69.4,80.0,3.96,8370.0
1122,286,dk,S12dk,2016-02-24,12:36,63.5,80.0,7.62,8370.0
1123,286,dk,S13dk,2016-02-24,12:36,32.0,80.0,20.2,8370.0
1124,286,dk,S14dk,2016-02-24,12:36,21.9,80.0,28.7,8370.0
1125,288,dp,DS03dp,2016-02-25,17:08,3.03,80.0,0.5,8920.0
1126,288,dp,S01dp,2016-02-25,17:00,84.9,80.0,3.09,8920.0
1127,288,dp,S02dp,2016-02-25,17:00,95.7,80.0,3.51,8920.0
1128,288,dp,S03dp,2016-02-25,17:00,71.7,80.0,2.79,8920.0
1129,288,dp,S04dp,2016-02-25,17:00,31.0,80.0,1.87,8920.0
1130,288,dp,S05dp,2016-02-25,17:00,10.4,80.0,1.03,8920.0
1131,288,dp,S06dp,2016-02-25,17:00,5.41,80.0,0.988,8920.0
1132,288,dp,S07dp,2016-02-25,17:00,4.88,80.0,1.22,8920.0
1133,288,dp,S08dp,2016-02-25,17:00,4.14,129.0,1.42,8920.0
1134,288,dp,S09dp,2016-02-25,17:00,3.85,80.0,1.87,8920.0
1135,288,dp,S10dp,2016-02-25,17:00,3.75,80.0,2.27,8920.0
1136,288,dp,S11dp,2016-02-25,17:00,3.6,80.0,2.0,8920.0
1137,288,dp,S12dp,2016-02-25,17:00,3.74,80.0,1.33,8920.0
1138,288,dp,S13dp,2016-02-25,17:00,3.52,262.0,0.914,8920.0
1139,288,dp,S14dp,2016-02-25,17:00,3.61,80.0,0.539,8920.0
1140,291,dq,DS03dq,2016-02-26,07:44,1.55,80.0,0.5,8910.0
1141,291,dq,S01dq,2016-02-26,07:33,25.1,80.0,1.03,8910.0
1142,291,dq,S02dq,2016-02-26,07:33,31.6,80.0,1.38,8910.0
1143,291,dq,S03dq,2016-02-26,07:33,27.1,80.0,2.19,8910.0
1144,291,dq,S04dq,2016-02-26,07:33,4.91,80.0,0.5,8910.0
1145,291,dq,S05dq,2016-02-26,07:33,4.74,80.0,0.5,8910.0
1146,291,dq,S06dq,2016-02-26,07:33,3.17,80.0,0.5,8910.0
1147,291,dq,S07dq,2016-02-26,07:33,3.24,80.0,0.5,8910.0
1148,291,dq,S08dq,2016-02-26,07:33,3.51,80.0,0.5,8910.0
1149,291,dq,S09dq,2016-02-26,07:33,2.33,80.0,0.5,8910.0
1150,291,dq,S10dq,2016-02-26,07:33,1.86,80.0,0.5,8910.0
1151,291,dq,S11dq,2016-02-26,07:33,2.53,80.0,0.5,8910.0
1152,291,dq,S12dq,2016-02-26,07:33,1.51,80.0,0.5,8910.0
1153,291,dq,S13dq,2016-02-26,07:33,1.29,80.0,0.5,8910.0
1154,291,dq,S14dq,2016-02-26,07:33,1.49,80.0,0.5,8910.0
1155,294,ds,DS03ds,2016-02-26,09:18,13.6,100.0,6.17,9060.0
1156,294,ds,S01ds,2016-02-26,09:13,315.0,601.0,55.2,9060.0
1157,294,ds,S02ds,2016-02-26,09:13,186.0,1630.0,105.0,9060.0
1158,294,ds,S03ds,2016-02-26,09:13,52.5,155.0,8.06,9060.0
1159,294,ds,S04ds,2016-02-26,09:13,79.2,134.0,11.2,9060.0
1160,294,ds,S05ds,2016-02-26,09:13,62.7,143.0,12.1,9060.0
1161,294,ds,S06ds,2016-02-26,09:13,63.3,125.0,10.4,9060.0
1162,294,ds,S07ds,2016-02-26,09:13,46.5,160.0,16.8,9060.0
1163,294,ds,S08ds,2016-02-26,09:13,55.4,210.0,24.6,9060.0
1164,294,ds,S09ds,2016-02-26,09:13,49.6,216.0,40.7,9060.0
1165,294,ds,S10ds,2016-02-26,09:13,33.7,264.0,60.3,9060.0
1166,294,ds,S11ds,2016-02-26,09:13,26.0,289.0,49.2,9060.0
1167,294,ds,S12ds,2016-02-26,09:13,21.6,234.0,34.6,9060.0
1168,294,ds,S13ds,2016-02-26,09:13,16.3,221.0,38.0,9060.0
1169,294,ds,S14ds,2016-02-26,09:13,13.6,145.0,17.8,9060.0
1170,295,dt,DS03dt,2016-02-26,15:51,16.5,80.0,1.5,9060.0
1171,295,dt,S01dt,2016-02-26,15:35,165.0,119.0,67.9,9060.0
1172,295,dt,S02dt,2016-02-26,15:35,149.0,82.1,39.4,9060.0
1173,295,dt,S03dt,2016-02-26,15:35,123.0,80.0,13.5,9060.0
1174,295,dt,S04dt,2016-02-26,15:35,70.5,80.0,9.54,9060.0
1175,295,dt,S05dt,2016-02-26,15:35,69.6,80.0,6.39,9060.0
1176,295,dt,S06dt,2016-02-26,15:35,59.1,80.0,4.75,9060.0
1177,295,dt,S07dt,2016-02-26,15:35,58.1,80.0,5.14,9060.0
1178,295,dt,S09dt,2016-02-26,15:35,39.1,80.0,5.9,9060.0
1179,295,dt,S08dt,2016-02-26,15:35,58.4,80.0,5.22,9060.0
1180,295,dt,S10dt,2016-02-26,15:35,23.7,80.0,5.96,9060.0
1181,295,dt,S11dt,2016-02-26,15:35,18.9,80.0,5.96,9060.0
1182,295,dt,S12dt,2016-02-26,15:35,17.4,80.0,6.27,9060.0
1183,295,dt,S13dt,2016-02-26,15:35,15.1,80.0,5.85,9060.0
1184,295,dt,S14dt,2016-02-26,15:35,14.3,80.0,5.45,9060.0
1185,297,di,DS03di,2016-02-26,12:25,12.5,80.0,1.16,9520.0
1186,297,di,S01di,2016-02-26,12:20,169.0,254.0,11.0,9520.0
1187,297,di,S02di,2016-02-26,12:20,540.0,80.0,3.06,9520.0
1188,297,di,S03di,2016-02-26,12:20,300.0,80.0,2.71,9520.0
1189,297,di,S04di,2016-02-26,12:20,116.0,156.0,4.84,9520.0
1190,297,di,S05di,2016-02-26,12:20,58.0,169.0,5.6,9520.0
1191,297,di,S06di,2016-02-26,12:20,28.6,80.0,2.56,9520.0
1192,297,di,S07di,2016-02-26,12:20,19.9,80.0,2.53,9520.0
1193,297,di,S09di,2016-02-26,12:20,16.5,80.0,7.54,9520.0
1194,297,di,S08di,2016-02-26,12:20,17.8,80.0,4.63,9520.0
1195,297,di,S10di,2016-02-26,12:20,15.0,80.0,6.52,9520.0
1196,297,di,S11di,2016-02-26,12:20,14.7,80.0,4.27,9520.0
1197,297,di,S12di,2016-02-26,12:20,14.1,80.0,1.71,9520.0
1198,297,di,S13di,2016-02-26,12:20,14.6,80.0,1.2,9520.0
1199,297,di,S14di,2016-02-26,12:20,12.8,80.0,0.792,9520.0
1200,303,dx,DS03dx,2016-02-27,09:15,4.15,80.0,0.5,9140.0
1201,303,dx,S01dx,2016-02-27,09:05,155.0,80.0,2.42,9140.0
1202,303,dx,S02dx,2016-02-27,09:05,59.1,80.0,1.27,9140.0
1203,303,dx,S03dx,2016-02-27,09:05,15.5,80.0,0.5,9140.0
1204,303,dx,S04dx,2016-02-27,09:05,12.9,80.0,0.5,9140.0
1205,303,dx,S05dx,2016-02-27,09:05,8.73,80.0,0.5,9140.0
1206,303,dx,S06dx,2016-02-27,09:05,7.36,80.0,0.5,9140.0
1207,303,dx,S07dx,2016-02-27,09:05,6.56,80.0,0.5,9140.0
1208,303,dx,S08dx,2016-02-27,09:05,5.83,80.0,0.5,9140.0
1209,303,dx,S09dx,2016-02-27,09:05,4.88,80.0,0.5,9140.0
1210,303,dx,S10dx,2016-02-27,09:05,4.87,80.0,0.5,9140.0
1211,303,dx,S11dx,2016-02-27,09:05,4.85,80.0,0.5,9140.0
1212,303,dx,S12dx,2016-02-27,09:05,4.63,102.0,0.5,9140.0
1213,303,dx,S12dx,2016-02-27,09:05,4.63,80.0,0.5,9140.0
1214,303,dx,S13dx,2016-02-27,09:05,4.52,80.0,0.5,9140.0
1215,325,dy,DS03dy,2016-02-28,08:50,12.0,831.0,0.52,8950.0
1216,325,dy,S01dy,2016-02-28,08:37,258.0,131.0,16.2,8950.0
1217,325,dy,S02dy,2016-02-28,08:37,171.0,336.0,8.5,8950.0
1218,325,dy,S03dy,2016-02-28,08:37,86.7,178.0,4.1,8950.0
1219,325,dy,S04dy,2016-02-28,08:37,51.0,141.0,0.98,8950.0
1220,325,dy,S05dy,2016-02-28,08:37,35.8,151.0,0.58,8950.0
1221,325,dy,S06dy,2016-02-28,08:37,26.0,154.0,0.59,8950.0
1222,325,dy,S07dy,2016-02-28,08:37,18.6,146.0,0.44,8950.0
1223,325,dy,S08dy,2016-02-28,08:37,14.9,147.0,0.35,8950.0
1224,325,dy,S09dy,2016-02-28,08:37,12.6,150.0,0.35,8950.0
1225,325,dy,S10dy,2016-02-28,08:37,11.2,159.0,0.35,8950.0
1226,325,dy,S11dy,2016-02-28,08:37,10.6,161.0,0.35,8950.0
1227,325,dy,S12dy,2016-02-28,08:37,10.1,168.0,0.35,8950.0
1228,325,dy,S13dy,2016-02-28,08:37,10.6,170.0,0.35,8950.0
1229,325,dy,S14dy,2016-02-28,08:37,10.0,174.0,0.35,8950.0
1230,330,dz,S01dz,2016-02-29,08:17,200.0,573.0,100.0,9520.0
1231,330,dz,S02dz,2016-02-29,08:17,206.0,448.0,68.5,9520.0
1232,330,dz,S03dz,2016-02-29,08:17,41.2,175.0,22.2,9520.0
1233,330,dz,S04dz,2016-02-29,08:17,7.4,95.0,1.6,9520.0
1234,330,dz,S05dz,2016-02-29,08:17,5.9,82.0,1.1,9520.0
1235,330,dz,S06dz,2016-02-29,08:17,5.8,86.0,1.2,9520.0
1236,330,dz,S07dz,2016-02-29,08:17,5.3,85.0,1.3,9520.0
1237,330,dz,S08dz,2016-02-29,08:17,5.0,112.0,4.0,9520.0
1238,330,dz,S09dz,2016-02-29,08:17,4.5,122.0,3.9,9520.0
1239,330,dz,S10dz,2016-02-29,08:17,4.3,97.0,1.8,9520.0
1240,330,dz,S11dz,2016-02-29,08:17,4.5,95.0,1.3,9520.0
1241,330,dz,S12dz,2016-02-29,08:17,4.2,83.0,1.1,9520.0
1242,330,dz,S13dz,2016-02-29,08:17,4.5,82.0,0.96,9520.0
1243,330,dz,S14dz,2016-02-29,08:17,4.3,82.0,0.87,9520.0
1244,330,dz,S15dz,2016-02-29,08:17,4.3,82.0,0.87,9520.0
1245,360,ed,DS03ed,2016-03-05,16:40,2.68,80.0,2.49,8990.0
1246,360,ed,S01ed,2016-03-05,16:40,51.9,141.0,3.2,8990.0
1247,360,ed,S02ed,2016-03-05,16:40,61.3,168.0,4.27,8990.0
1248,360,ed,S03ed,2016-03-05,16:40,62.3,80.0,4.11,8990.0
1249,360,ed,S04ed,2016-03-05,16:40,29.1,80.0,5.81,8990.0
1250,360,ed,S05ed,2016-03-05,16:40,29.1,80.0,6.54,8990.0
1251,360,ed,S06ed,2016-03-05,16:40,57.7,80.0,20.5,8990.0
1252,360,ed,S07ed,2016-03-05,16:40,11.2,80.0,14.6,8990.0
1253,360,ed,S08ed,2016-03-05,16:40,6.19,80.0,14.0,8990.0
1254,360,ed,S09ed,2016-03-05,16:40,5.49,80.0,17.9,8990.0
1255,360,ed,S10ed,2016-03-05,16:40,5.38,80.0,20.4,8990.0
1256,360,ed,S11ed,2016-03-05,16:40,4.96,80.0,19.5,8990.0
1257,360,ed,S12ed,2016-03-05,16:40,4.99,80.0,18.0,8990.0
1258,360,ed,S13ed,2016-03-05,16:40,5.9,80.0,13.2,8990.0
1259,360,ed,S14ed,2016-03-05,16:40,5.01,80.0,7.05,8990.0
1260,361,ec,DS03ec,2016-03-05,08:44,6.69,80.0,0.5,8730.0
1261,361,ec,S01ec,2016-03-05,08:44,61.4,80.0,0.886,8730.0
1262,361,ec,S02ec,2016-03-05,08:44,151.0,80.0,1.09,8730.0
1263,361,ec,S03ec,2016-03-05,08:44,40.7,80.0,2.38,8730.0
1264,361,ec,S04ec,2016-03-05,08:44,40.5,80.0,3.72,8730.0
1265,361,ec,S05ec,2016-03-05,08:44,108.0,80.0,3.22,8730.0
1266,361,ec,S06ec,2016-03-05,08:44,172.0,80.0,2.77,8730.0
1267,361,ec,S07ec,2016-03-05,08:44,105.0,80.0,2.72,8730.0
1268,361,ec,S08ec,2016-03-05,08:44,32.2,80.0,4.0,8730.0
1269,361,ec,S09ec,2016-03-05,08:44,20.5,80.0,4.1,8730.0
1270,361,ec,S10ec,2016-03-05,08:44,19.6,80.0,3.29,8730.0
1271,361,ec,S11ec,2016-03-05,08:44,24.1,80.0,1.36,8730.0
1272,361,ec,S12ec,2016-03-05,08:44,24.6,80.0,0.904,8730.0
1273,361,ec,S13ec,2016-03-05,08:44,23.3,80.0,0.891,8730.0
1274,361,ec,S14ec,2016-03-05,08:44,17.9,80.0,0.812,8730.0
1275,412,ee,ds03ee,2016-03-11,08:49,2.16,80.0,0.5,8740.0
1276,412,ee,S01ee,2016-03-11,08:49,39.6,80.0,1.01,8740.0
1277,412,ee,S02ee,2016-03-11,08:49,48.2,80.0,1.88,8740.0
1278,412,ee,S03ee,2016-03-11,08:49,51.6,80.0,1.11,8740.0
1279,412,ee,S04ee,2016-03-11,08:49,23.2,80.0,0.991,8740.0
1280,412,ee,S05ee,2016-03-11,08:49,23.6,80.0,0.97,8740.0
1281,412,ee,S06ee,2016-03-11,08:49,15.4,80.0,1.89,8740.0
1282,412,ee,S07ee,2016-03-11,08:49,5.3,80.0,3.11,8740.0
1283,412,ee,S08ee,2016-03-11,08:49,3.56,80.0,3.15,8740.0
1284,412,ee,S09ee,2016-03-11,08:49,12.7,80.0,1.92,8740.0
1285,412,ee,S10ee,2016-03-11,08:49,11.4,80.0,0.541,8740.0
1286,412,ee,S11ee,2016-03-11,08:49,4.03,80.0,0.5,8740.0
1287,412,ee,S12ee,2016-03-11,08:49,2.9,80.0,0.5,8740.0
1288,412,ee,S13ee,2016-03-11,08:49,2.65,80.0,0.5,8740.0
1289,412,ee,S14ee,2016-03-11,08:49,2.42,80.0,0.5,8740.0
1290,449,eh,DS03eh,2016-03-16,15:24,3.96,80.0,2.61,8480.0
1291,449,eh,S01eh,2016-03-16,15:24,126.0,80.0,3.53,8480.0
1292,449,eh,S02eh,2016-03-16,15:24,89.2,80.0,4.98,8480.0
1293,449,eh,S03eh,2016-03-16,15:24,297.0,1110.0,149.0,8480.0
1294,449,eh,S04eh,2016-03-16,15:24,193.0,755.0,115.0,8480.0
1295,449,eh,S05eh,2016-03-16,15:24,100.0,429.0,65.9,8480.0
1296,449,eh,S06eh,2016-03-16,15:24,71.4,268.0,51.7,8480.0
1297,449,eh,S07eh,2016-03-16,15:24,41.3,172.0,33.7,8480.0
1298,449,eh,S08eh,2016-03-16,15:24,32.0,129.0,26.8,8480.0
1299,449,eh,S09eh,2016-03-16,15:24,23.9,104.0,22.4,8480.0
1300,449,eh,S10eh,2016-03-16,15:24,21.3,98.1,20.2,8480.0
1301,449,eh,S11eh,2016-03-16,15:24,17.8,99.2,13.0,8480.0
1302,449,eh,S12eh,2016-03-16,15:24,15.5,80.0,9.59,8480.0
1303,449,eh,S13eh,2016-03-16,15:24,13.1,80.0,7.88,8480.0
1304,449,eh,S14eh,2016-03-16,15:24,10.7,80.0,6.59,8480.0
1305,450,ef,DS03ef,2016-03-15,09:21,3.6,80.0,2.8,8070.0
1306,450,ef,S01ef,2016-03-15,09:14,156.0,378.0,20.9,8070.0
1307,450,ef,S02ef,2016-03-15,09:14,70.7,482.0,15.7,8070.0
1308,450,ef,S03ef,2016-03-15,09:14,295.0,812.0,144.0,8070.0
1309,450,ef,S04ef,2016-03-15,09:14,110.0,274.0,49.2,8070.0
1310,450,ef,S05ef,2016-03-15,09:14,44.7,116.0,28.7,8070.0
1311,450,ef,S06ef,2016-03-15,09:14,26.0,80.0,23.7,8070.0
1312,450,ef,S07ef,2016-03-15,09:14,22.8,80.0,19.6,8070.0
1313,450,ef,S08ef,2016-03-15,09:14,16.1,80.0,15.3,8070.0
1314,450,ef,S09ef,2016-03-15,09:14,12.4,80.0,14.2,8070.0
1315,450,ef,S10ef,2016-03-15,09:14,12.0,80.0,9.61,8070.0
1316,450,ef,S11ef,2016-03-15,09:14,11.1,80.0,6.78,8070.0
1317,450,ef,S12ef,2016-03-15,09:14,8.92,80.0,5.79,8070.0
1318,450,ef,S13ef,2016-03-15,09:14,12.6,80.0,5.92,8070.0
1319,450,ef,S14ef,2016-03-15,09:14,8.24,80.0,5.32,8070.0
1320,470,cx,DS03cx,2016-02-21,07:15,4.17,221.0,11.7,8340.0
1321,470,cx,S01cx,2016-02-21,07:15,27.1,213.0,5.68,8340.0
1322,470,cx,S02cx,2016-02-21,07:15,9.47,107.0,2.36,8340.0
1323,470,cx,S03cx,2016-02-21,07:15,15.6,454.0,21.6,8340.0
1324,470,cx,S04cx,2016-02-21,07:15,28.0,1060.0,80.0,8340.0
1325,470,cx,S05cx,2016-02-21,07:15,20.3,895.0,66.9,8340.0
1326,470,cx,S06cx,2016-02-21,07:15,16.4,791.0,55.9,8340.0
1327,470,cx,S07cx,2016-02-21,07:15,13.2,686.0,50.1,8340.0
1328,470,cx,S08cx,2016-02-21,07:15,11.3,660.0,45.4,8340.0
1329,470,cx,S09cx,2016-02-21,07:15,9.81,579.0,40.7,8340.0
1330,470,cx,S10cx,2016-02-21,07:15,9.88,626.0,37.0,8340.0
1331,470,cx,S11cx,2016-02-21,07:15,8.7,495.0,31.7,8340.0
1332,470,cx,S12cx,2016-02-21,07:15,9.36,485.0,29.8,8340.0
1333,470,cx,S13cx,2016-02-21,07:15,7.73,462.0,26.3,8340.0
1334,470,cx,S14cx,2016-02-21,07:15,7.48,413.0,24.4,8340.0
1335,471,cy,DS03cy,2016-02-21,08:14,29.8,243.0,0.5,9110.0
1336,471,cy,S01cy,2016-02-21,08:14,179.0,198.0,0.708,9110.0
1337,471,cy,S02cy,2016-02-21,08:14,342.0,185.0,1.17,9110.0
1338,471,cy,S03cy,2016-02-21,08:14,286.0,170.0,1.46,9110.0
1339,471,cy,S04cy,2016-02-21,08:14,158.0,224.0,0.795,9110.0
1340,471,cy,S05cy,2016-02-21,08:14,136.0,333.0,0.5,9110.0
1341,471,cy,S06cy,2016-02-21,08:14,117.0,273.0,0.5,9110.0
1342,471,cy,S07cy,2016-02-21,08:14,93.4,178.0,0.5,9110.0
1343,471,cy,S08cy,2016-02-21,08:14,94.7,173.0,0.5,9110.0
1344,471,cy,S09cy,2016-02-21,08:14,95.9,169.0,0.5,9110.0
1345,471,cy,S10cy,2016-02-21,08:14,90.7,164.0,0.5,9110.0
1346,471,cy,S11cy,2016-02-21,08:14,77.6,171.0,0.5,9110.0
1347,471,cy,S12cy,2016-02-21,08:14,59.3,185.0,0.5,9110.0
1348,471,cy,S13cy,2016-02-21,08:14,41.0,227.0,0.5,9110.0
1349,471,cy,S14cy,2016-02-21,08:14,36.1,232.0,0.5,9110.0
1350,714,ei,DS03ei,2016-05-12,15:54,27.4,80.0,0.5,9100.0
1351,714,ei,S01ei,2016-05-12,15:54,67.7,80.0,1.04,9100.0
1352,714,ei,S02ei,2016-05-12,15:54,105.0,80.0,3.46,9100.0
1353,714,ei,S03ei,2016-05-12,15:54,73.0,80.0,1.17,9100.0
1354,714,ei,S04ei,2016-05-12,15:54,106.0,103.0,1.04,9100.0
1355,714,ei,S05ei,2016-05-12,15:54,123.0,91.9,1.02,9100.0
1356,714,ei,S06ei,2016-05-12,15:54,125.0,80.0,0.86,9100.0
1357,714,ei,S07ei,2016-05-12,15:54,135.0,81.8,0.77,9100.0
1358,714,ei,S08ei,2016-05-12,15:54,148.0,123.0,0.79,9100.0
1359,714,ei,S09ei,2016-05-12,15:54,153.0,112.0,0.66,9100.0
1360,714,ei,S10ei,2016-05-12,15:54,190.0,275.0,0.96,9100.0
1361,714,ei,S11ei,2016-05-12,15:54,169.0,189.0,0.59,9100.0
1362,714,ei,S12ei,2016-05-12,15:54,204.0,366.0,0.55,9100.0
1363,714,ei,S13ei,2016-05-12,15:54,197.0,499.0,0.5,9100.0
1364,714,ei,S14ei,2016-05-12,15:54,114.0,378.0,0.5,9100.0
